stat,complexity,comm_cost,optimality
t-statistic,20.823682864500693,-99.27206608499625,-6.762214873198136
Two-sided p-value,3.772595704289145e-96,0.0,1.364599735986731e-11
