simplicity,informativity,optimality
-8.301535734681298,15.248026780087406,-4.987421266754375
1.0656848405420676e-16,2.5395555642602597e-52,6.149471576397615e-07
