stat,simplicity,informativity,optimality
t-statistic,78.6084081733848,5.560105767192717,106.62937942289068
Two-sided p-value,0.0,3.702675216654662e-08,0.0
