simplicity,informativity,optimality
-8.30153573468141,15.248026780088017,-4.9874212667543745
1.0656848405410541e-16,2.5395555642365567e-52,6.149471576397639e-07
