stat,simplicity,informativity,optimality
t-statistic,-8.311171904908177,15.270301347723171,-4.994507836030611
Two-sided p-value,9.827628859495396e-17,1.809379854545642e-52,5.928081469847147e-07
