stat,complexity,comm_cost,optimality
t-statistic,-62.84314860703812,112.51382372264233,30.34192241592576
Two-sided p-value,0.0,0.0,3.9728424001650455e-197
