name,simplicity,informativity,optimality
natural_means,0.6101949025487255,0.26893136026221925,0.8233470488645116
dlsav_means,0.5765892563922121,0.35116641918326,0.8687719064686119
deontic_priority_means,0.5530218761586948,0.35960429873523236,0.8644476314723603
epistemic_priority_means,0.5517241379310346,0.336931276717862,0.8495163100982709
circ_priority_means,0.5320197044334976,0.35521298935933077,0.8565172394589413
dp_restricted_means,0.6198275862068965,0.28868165907037857,0.8344706654672089
population_means,0.545954114576178,0.3403045860411519,0.849725715949348
