name,simplicity,informativity,optimality
natural_means,,,
dlsav_means,0.8186562521600884,0.3611068481427083,0.9304837746496413
deontic_priority_means,0.5893126343781598,0.34530257411904614,0.8146776308933783
epistemic_priority_means,0.5894855240997675,0.34303778229826093,0.8139749258211174
circ_priority_means,0.5892737163787685,0.3438451159922154,0.8141630128248777
dp_restricted_means,0.7700607584328515,0.31838245271953985,0.8831610066648408
population_means,0.5976473600364132,0.3411457484841503,0.8168608633729041
