stat,simplicity,informativity,optimality
t-statistic,0.5268124485868787,2.394927123896014,2.862009370101752
Two-sided p-value,0.5989549351892057,0.017621906444995058,0.0046948461867865445
