simplicity,informativity,optimality
78.6644261257756,5.712425973858167,106.46602736324462
0.0,1.584847657946617e-08,0.0
