stat,simplicity,informativity,optimality
t-statistic,2.13348800633142,1.157624738556983,3.3403366780572585
Two-sided p-value,0.03455615069797209,0.24890751524778293,0.0010624152172140518
