simplicity,informativity,optimality
78.66442612577558,5.712425973858197,106.46602736324459
0.0,1.5848476579463505e-08,0.0
