simplicity,informativity,optimality
-8.301535734681298,15.24802678008761,-4.987421266754622
1.0656848405420676e-16,2.5395555642523583e-52,6.149471576389739e-07
