stat,simplicity,informativity,optimality
t-statistic,1.635100854789014,-4.419672850148925,-2.066096116692843
Two-sided p-value,0.1162567590135423,0.00021643187033678154,0.05079262739209187
