simplicity,informativity,optimality
78.6644261257756,5.712425973858182,106.46602736324459
0.0,1.5848476579464898e-08,0.0
