bootstrap_sample_percent,low,high
1,0.10541445473880146,0.605796074048548
3,0.2175367407493155,0.5069264089144478
10,0.2883897416639562,0.4413367307678663
31,0.30283860566986465,0.3948770529171555
100,0.33381108382213454,0.3946748942434877
