bootstrap_sample_percent,low,high
1,0.4548682889967513,0.5935935490950534
3,0.4817709237056059,0.5674154501954234
10,0.4949116585151196,0.5485465520631132
31,0.5041385679134479,0.5378225180565499
100,0.5147151865924058,0.5289060027871952
