bootstrap_sample_percent,low,high
1,0.5158041098356204,0.6369071703865301
3,0.5465875997807379,0.61231317310113
10,0.5619331516417919,0.5972559875013365
31,0.5719382333775161,0.5908547662537373
100,0.5752632590989354,0.5877435198576104
