bootstrap_sample_percent,low,high
1,0.49959800467167886,0.638963185544974
3,0.5475679045415318,0.6154294685733019
10,0.5568725823841861,0.6018685304861817
31,0.5667883302720067,0.5901128489688567
100,0.5737841834883313,0.5890428704253297
