bootstrap_sample_percent,low,high
1,0.08058805319074602,0.643974558948807
3,0.24114033833655374,0.4961347691864957
10,0.3174697239327696,0.4661123144653569
31,0.3469648394480277,0.4465743166598149
100,0.35830470795314473,0.4183754287523037
