bootstrap_sample_percent,low,high
1,0.41152204903890754,0.5616546593247225
3,0.4490329866607944,0.5271310351793843
10,0.4548123202179368,0.5074719325375617
31,0.4704590118749825,0.5003831953585279
100,0.47611562448256656,0.48888890059879875
