name,simplicity,informativity,optimality
natural_means,0.7222222222222221,0.7997786580039425,0.8886016205228461
dlsav_means,0.6403248993674526,0.7492981331064538,0.8321539171144978
population_means,0.36544716666666666,0.6038767672845399,0.5866733901438903
