name,simplicity,informativity,optimality
natural_means,0.6437499999999999,0.776481372675742,0.8560635149466979
dlsav_means,0.6260005197505198,0.7483020076901895,0.8402160497217781
population_means,0.40146661485681157,0.6224849283489903,0.6642474672235823
