name,simplicity,informativity,optimality
natural_means,0.7222222222222221,0.7896974093927185,0.907789581011908
dlsav_means,0.6462732919254658,0.7017706815942998,0.8050055358484092
population_means,0.4448755,0.594090167228978,0.6293386338331318
