name,simplicity,informativity,optimality
natural_means,0.7222222222222223,0.7896974093927185,0.9055195614705879
dlsav_means,0.6399716786817714,0.7107394200161323,0.8061842404008502
population_means,0.47226872538382014,0.602539727957589,0.6517815624947041
