name,simplicity,informativity,optimality
natural_means,0.70875,0.792215560706983,0.8980520778994097
dlsav_means,0.6310382217403091,0.7497982976743144,0.8437810831215835
population_means,0.38059848066479957,0.6011998601408938,0.6440327548730606
