name,simplicity,informativity,optimality
natural_means,0.7222222222222221,0.7997786580039425,0.8896563438269017
dlsav_means,0.6368350725375413,0.7500505880110232,0.829889131553547
population_means,0.42347768540523173,0.6275487910761399,0.6347476233897132
