name,simplicity,informativity,optimality
natural_means,0.7608974358974359,0.7024832852011231,0.871505062478528
dlsav_means,0.6374777975133216,0.7492391739792051,0.829891493028983
population_means,0.42352075634444786,0.6275341803589812,0.6347675045316092
