name,simplicity,informativity,optimality
natural_means,0.70875,0.792215560706983,0.8980520778994097
dlsav_means,0.6313747976254722,0.7500139488454385,0.8440191916156736
population_means,0.38064162273378643,0.6012249729684928,0.6440661507847425
