simplicity,informativity,optimality
108.50994376466232,50.14227242025158,149.11391820169308
0.0,0.0,0.0
