simplicity,informativity,optimality
73.56654734468188,34.548703813047275,105.26816583931067
0.0,2.6169024243944205e-228,0.0
