simplicity,informativity,optimality
14.002206712342185,9.152604965186608,21.26439245700653
1.2757853790254053e-13,1.2960924233635214e-09,5.775139858127341e-18
