simplicity,informativity,optimality
80.27788575684151,33.59895820859454,116.56458526644373
0.0,3.952911005273441e-191,0.0
