simplicity,informativity,optimality
101.34491329147792,42.94670294355512,133.81864371054746
0.0,0.0,0.0
