simplicity,informativity,optimality
94.56741672216846,43.39576851405565,140.9825712329426
0.0,0.0,0.0
