simplicity,informativity,optimality
7.552099686101805,6.208560486793479,10.964576333732767
5.512254805893573e-07,7.373081920493571e-06,2.126341207959282e-09
