simplicity,informativity,optimality
12.815268266142738,7.448654668292157,17.116846937433767
8.470842201826097e-11,4.7600078654262505e-07,5.284858690731489e-13
