simplicity,informativity,optimality
94.7236351955294,43.095051273514244,141.3651262326007
0.0,0.0,0.0
