simplicity,informativity,optimality
12.816953310554679,7.449634071427904,17.119097584605797
8.451793208230464e-11,4.751017846898722e-07,5.272437069828915e-13
