simplicity,informativity,optimality
15.0825029593923,9.223492946274698,23.886070972781344
2.2665503694568855e-14,1.1099732215387056e-09,3.240026599336374e-19
