simplicity,informativity,optimality
7.970836154253055,5.549228972720461,10.9922836877456
1.7693019148246265e-07,2.3669123722388545e-05,1.1228251562595133e-09
