simplicity,informativity,optimality
12.619224424797078,8.757243880275475,18.97024653946445
1.3632454165031293e-12,3.114436269574145e-09,9.445582978035906e-17
