simplicity,informativity,optimality
17.719584753697823,2.77080142609729,25.91635189140196
5.816404096175293e-20,0.008606905562458383,9.257488831666651e-26
