simplicity,informativity,optimality
18.012248486908504,10.49121002903477,28.081971016863974
3.314677948196595e-16,7.738581846395103e-11,5.61317678800971e-21
