simplicity,informativity,optimality
101.28921145841386,42.969746166319155,133.79575422087268
0.0,0.0,0.0
