simplicity,informativity,optimality
70.56903164583088,27.174629505142057,92.68631863818887
0.0,4.157686417182019e-142,0.0
