simplicity,informativity,optimality
108.10539327208488,49.89330054678891,148.6652268798327
0.0,0.0,0.0
