bootstrap_sample_percent,low,high
1,-1.0,
3,0.07172013055508206,0.9760825543664113
10,0.37823399959420384,0.9084728191165836
31,0.46782831733201047,0.8251939205213095
100,0.5588661207961875,0.7157544761253444
