bootstrap_sample_percent,low,high
1,-1.0,
3,-0.2961210829569295,0.9865333621472285
10,0.18642714189376028,0.9307652048724739
31,0.2895468446021402,0.7003968127762501
100,0.40487716817966624,0.6686771801789623
