bootstrap_sample_percent,low,high
1,-1.0,
3,0.24856924472871383,0.9834677170299524
10,0.33490499747267044,0.8737103415241685
31,0.49043251800548016,0.7685043438945465
100,0.5477521001923156,0.696466236256871
