bootstrap_sample_percent,low,high
1,-1.0,
3,-0.108034389598941,0.984229140486645
10,0.272357651915179,0.8849067233527148
31,0.4753091406046504,0.7630434299536137
100,0.5111183729494342,0.6767352365098003
