bootstrap_sample_percent,low,high
1,-1.0,
3,0.011378689866665778,0.8195263483975682
10,0.21607074010463173,0.694158848081551
31,0.3904571862934162,0.6314064021193206
100,0.4452434004853907,0.5792552929756276
