bootstrap_sample_percent,low,high
1,-1.0,
3,0.1272043665821047,0.9220088180715125
10,0.336166154677323,0.8171627740343199
31,0.5054381449527166,0.6784624196353504
100,0.5327038293936817,0.6418304950412588
