bootstrap_sample_percent,low,high
1,-1.0,
3,-0.3659128856660959,0.9294930215159252
10,0.01857547987777155,0.6010355045804344
31,0.169364107478169,0.4138125920154363
100,0.23063180113477616,0.37322597502825605
