bootstrap_sample_percent,low,high
1,-1.0,
3,-0.5124875104772675,0.6679137130494388
10,-0.06927511083035087,0.4707084966299603
31,0.06590624041123956,0.38246333161800594
100,0.1374544065821108,0.3113929273225715
