bootstrap_sample_percent,low,high
1,-1.0,
3,-0.44363120752483765,0.7347267445276986
10,-0.03602819295929986,0.5077450394889227
31,0.09574521960035956,0.40495284563139555
100,0.1349547178713047,0.31630489021936026
