bootstrap_sample_percent,low,high
1,0.5130397687009358,0.6235689921477444
3,0.53475439557804,0.6103019181694548
10,0.5505681304997438,0.5906173515979874
31,0.5574010822797598,0.5821959173067701
100,0.5630651678786651,0.576832198144285
