bootstrap_sample_percent,low,high
1,0.3270583851191824,0.7529297633995272
3,0.4808974693460724,0.6829285631992434
10,0.49908877684991104,0.6420372215927213
31,0.5346048931639624,0.6167022033461429
100,0.5666135077431417,0.603312640331637
