bootstrap_sample_percent,low,high
1,0.4948496448526774,0.6281626913311362
3,0.5443805739880817,0.601365771516621
10,0.5508791374875677,0.5865807525589924
31,0.5594679162871352,0.5826500766751892
100,0.5640770957182575,0.5764584532708392
