bootstrap_sample_percent,low,high
1,0.49279062976055366,0.6248490099728883
3,0.5031869149471692,0.5860610091773779
10,0.5389451953764124,0.5769165394563412
31,0.543010448229362,0.5690000213800949
100,0.5505998672875482,0.563427548432895
