bootstrap_sample_percent,low,high
1,0.3328205180369986,0.761524369478737
3,0.4224889590355332,0.6435922095642894
10,0.4532081743726635,0.5925910285209395
31,0.5035829644962707,0.5766280165664246
100,0.5203974659968533,0.5581380520235183
