bootstrap_sample_percent,low,high
1,0.3591087190154094,0.7431640059581295
3,0.4421088462150587,0.6536547228843983
10,0.49577821482212603,0.6027093609049543
31,0.5177670856318758,0.5858641183633005
100,0.5343103198153679,0.5725695025588053
