bootstrap_sample_percent,low,high
1,0.41247195984831697,0.5611648741029993
3,0.4436673946223729,0.5311667530812143
10,0.4546731752625198,0.503928944217819
31,0.4691009586342851,0.4964295482473515
100,0.475483428454972,0.49244258381560574
