bootstrap_sample_percent,low,high
1,0.08043293401973331,0.6291423531205798
3,0.2075285823366032,0.5361438509144194
10,0.2845744511034053,0.44776572359880673
31,0.32151073004723624,0.41407633485327794
100,0.33359062373029924,0.3948438043802588
