bootstrap_sample_percent,low,high
1,0.08524408489195642,0.5584976970677547
3,0.2079913471314503,0.4966734727697677
10,0.28396752755888166,0.4691233049717389
31,0.3323992332142484,0.4154408741979919
100,0.3426272622186695,0.3928584636986443
