bootstrap_sample_percent,low,high
1,-0.21417663182935853,-0.0737247397636327
3,-0.18585469435881866,-0.11373010361076766
10,-0.17062951968433315,-0.12881836194301288
31,-0.16127077245202814,-0.13414338291917863
100,-0.15553895475326363,-0.14194448339865046
