bootstrap_sample_percent,low,high
1,-0.23196149150271406,-0.039867872220465776
3,-0.19013370975560917,-0.08107814697487503
10,-0.15757033232555268,-0.10291295830584768
31,-0.15146375377683394,-0.11440646833883822
100,-0.14660957689694692,-0.12336688699679704
