bootstrap_sample_percent,low,high
1,-0.23090263805944572,-0.019660908359701513
3,-0.18927560817371353,-0.08292291591167116
10,-0.1636855412409248,-0.1057751769715643
31,-0.1533893743744682,-0.12036685018946383
100,-0.14581524605626964,-0.12566681460990234
