bootstrap_sample_percent,low,high
1,-0.3129124527405739,0.12797189002529785
3,-0.19557950103707827,0.01568053110421504
10,-0.16634314986875712,-0.04695539273997813
31,-0.13752272880489574,-0.06467933055210254
100,-0.11795245429976903,-0.08308448567042766
