bootstrap_sample_percent,low,high
1,-0.2046546527397447,-0.05304689596580963
3,-0.16093396616095346,-0.08042514897216399
10,-0.1383576556745471,-0.09477361459417684
31,-0.1263262658601394,-0.10195414074815312
100,-0.12374075236603833,-0.10840601073227536
