bootstrap_sample_percent,low,high
1,-0.32991207160690594,0.09685995695883201
3,-0.23081397348064014,-0.004280090774638359
10,-0.1647205708771735,-0.05008239151843284
31,-0.1529536989953056,-0.07513724141499296
100,-0.1329700621123679,-0.09540551317666564
