bootstrap_sample_percent,low,high
1,-0.21455203932227662,0.17329062581733296
3,-0.1936320244442986,0.07002026341193299
10,-0.13333613537944056,-0.011440979981304897
31,-0.10276121177364489,-0.030071074116335045
100,-0.08999065480360587,-0.052528675333537944
