bootstrap_sample_percent,low,high
1,-0.23469677972759884,0.12437442196454312
3,-0.1911093571987193,0.07464821518703467
10,-0.14221855879180434,-0.008657918538980694
31,-0.09982853318442728,-0.028954751595000564
100,-0.08761516726325137,-0.04607132664617971
