bootstrap_sample_percent,low,high
1,-0.49311784496042566,-0.12310438824321532
3,-0.4186471905206939,-0.21607021828746742
10,-0.3689673311146088,-0.26157963106311966
31,-0.34962444043063134,-0.29197293716465383
100,-0.3376026727610023,-0.30641660669445697
