bootstrap_sample_percent,low,high
1,-0.4203657534670583,-0.15173745080654055
3,-0.36812903370836225,-0.23349900593368061
10,-0.36058977019872884,-0.24897294464567726
31,-0.3257862509352205,-0.26667166506928464
100,-0.31439634253672655,-0.2791133764967344
