bootstrap_sample_percent,low,high
1,-0.2868732462430015,0.12403388877442625
3,-0.250350697203546,0.00890143599814966
10,-0.1910489623229119,-0.04871833487469712
31,-0.13747205274439822,-0.0693803970811934
100,-0.13164300623947167,-0.08973990270095228
