bootstrap_sample_percent,low,high
1,-0.3339939209635725,0.11994948174120185
3,-0.19854410405390843,0.012121045907718413
10,-0.15859646148773407,-0.03338178520590723
31,-0.12798873290728607,-0.04838304553533754
100,-0.11471492440242305,-0.07167105078795788
