bootstrap_sample_percent,low,high
1,-0.2337254544827075,-0.07213413505809431
3,-0.18102181321188293,-0.10173548139639835
10,-0.1609385111753524,-0.1180054041551159
31,-0.15634328750991378,-0.1314436665686423
100,-0.15106591076516077,-0.13793400920383964
