bootstrap_sample_percent,low,high
1,-0.2648393325881475,0.1770814104332023
3,-0.20505338185910543,0.03318078114109395
10,-0.15518343716368085,-0.01965679915747171
31,-0.12395464182704524,-0.04579410578372749
100,-0.10312642501235086,-0.05788420106444221
