bootstrap_sample_percent,low,high
1,-0.2740152706737812,0.13040117748433389
3,-0.18860792411842445,0.03978842645992251
10,-0.13524713006492597,-0.005516109399903633
31,-0.09862116282432734,-0.032525452243076416
100,-0.08413133769325132,-0.048640961197769984
