bootstrap_sample_percent,low,high
1,-0.4746274040658461,-0.16017979736883772
3,-0.40077795825559914,-0.2327289516684457
10,-0.361717327906509,-0.27034635920011385
31,-0.34399594838084296,-0.2878354720168014
100,-0.32785765949815315,-0.29862942104224827
