bootstrap_sample_percent,low,high
1,-0.24018438791064867,0.140590450509878
3,-0.1795541143533161,0.02623281325934349
10,-0.1218429937006591,0.00034416732973689126
31,-0.09404572930637405,-0.03776731394708773
100,-0.08656374855667981,-0.04858197941540629
