bootstrap_sample_percent,low,high
1,0.549535411673684,0.81749104116172
3,0.6423822857824955,0.7660315891550764
10,0.6656352197069084,0.7445110591741799
31,0.68444041834851,0.7301531829009694
100,0.6961205606464163,0.7206020676404109
