bootstrap_sample_percent,low,high
1,0.7321438274196745,0.7755573333554627
3,0.738280196551456,0.7640119777066359
10,0.7443609556562083,0.7584031800599103
31,0.7482012052756288,0.7564339881476838
100,0.7497765853574134,0.7550368340241633
