bootstrap_sample_percent,low,high
1,0.7060907039439179,0.8289929040940094
3,0.7408594010824718,0.8072679066691641
10,0.7455497386371961,0.7956179820621668
31,0.7527290020111967,0.7816893098527135
100,0.763302287593246,0.775898084502316
