bootstrap_sample_percent,low,high
1,0.5421659319176722,0.6832104284745715
3,0.5776422564454458,0.6527860417127858
10,0.5952223253963388,0.6335483991393096
31,0.6055441030455709,0.6332058081114686
100,0.612399677402802,0.6248745797028787
