bootstrap_sample_percent,low,high
1,0.5501497662835773,0.8072961064965389
3,0.6492777145367691,0.7849167695243613
10,0.6614127180837114,0.7468135313314804
31,0.6972718613527902,0.7420834343551617
100,0.7035792100270581,0.7281576566269239
