bootstrap_sample_percent,low,high
1,0.6539238130940244,0.7133056483829072
3,0.6614056123925438,0.701777645302651
10,0.6748172384611228,0.6948355263670081
31,0.677592729398154,0.6884233773547117
100,0.6794995180855838,0.6867049761645749
