bootstrap_sample_percent,low,high
1,0.705549646976044,0.8569488810970682
3,0.7713631729301825,0.8404973658800815
10,0.7784528326348841,0.8205690075812462
31,0.787101894461647,0.8096036922975911
100,0.7929976284508536,0.8070696454503932
