bootstrap_sample_percent,low,high
1,0.35032860228103,0.6530659400724681
3,0.41573819300614956,0.5840382633695508
10,0.46696876213875593,0.5454007220708753
31,0.4868994297417809,0.5313851979195716
100,0.49252678880295075,0.5212531877901727
