bootstrap_sample_percent,low,high
1,0.6304531830991671,0.7856780896727569
3,0.6706182270616827,0.7622912008438928
10,0.6849971330453751,0.7429794549488065
31,0.6971040346892352,0.7299204164641907
100,0.7074155347273794,0.7249068346250744
