bootstrap_sample_percent,low,high
1,0.7587784235635191,0.8028781550031492
3,0.7671196238964797,0.7914703091575952
10,0.7706623815064029,0.7850982350975872
31,0.7734247555776467,0.7817199692903517
100,0.775222436753709,0.7797994369832002
