bootstrap_sample_percent,low,high
1,0.7484465596563745,0.8080313128551262
3,0.7652611964775522,0.7950306001228793
10,0.7726128021476693,0.7893785828713722
31,0.7765416339639492,0.7847612450344561
100,0.7781921977112942,0.7835082829344362
