bootstrap_sample_percent,low,high
1,0.6081220716796,0.8462175266170726
3,0.6937722707592435,0.7858867564739613
10,0.6989915796974617,0.7645052563068697
31,0.7198985550991989,0.7523591602968749
100,0.726020683195701,0.7472335671768696
