bootstrap_sample_percent,low,high
1,0.5809564584542712,0.8177455819120387
3,0.6305987137309798,0.7690876227496217
10,0.6582191569668847,0.7406327676641018
31,0.6711821772286151,0.7205193630546771
100,0.6837676608074722,0.7077636028290957
