bootstrap_sample_percent,low,high
1,0.6933842163200827,0.8058916027459027
3,0.7136446150426747,0.7885675440949103
10,0.7376971498767266,0.7726337458974106
31,0.7443331164395577,0.7672461692300949
100,0.7479409857441016,0.7617063528780524
