bootstrap_sample_percent,low,high
1,0.5488257327616537,0.8222507914695687
3,0.6291073767512245,0.7720498604168502
10,0.6715457549786942,0.738939013137694
31,0.6881470516496325,0.7348288738132135
100,0.6948936472075025,0.7183790248057753
