bootstrap_sample_percent,low,high
1,0.660890208164715,0.838658481698741
3,0.6814295649659816,0.7955561714860848
10,0.7134065514481163,0.7701234789412967
31,0.7252605472373563,0.7613634333194742
100,0.7324221273883407,0.7523668864098105
