bootstrap_sample_percent,low,high
1,0.3975606641507856,0.5338552595940566
3,0.43547758186308283,0.5112899774888626
10,0.4507634959433956,0.49709270055467225
31,0.4605171556363782,0.48336811820965586
100,0.46649839821364325,0.47986169347217233
