bootstrap_sample_percent,low,high
1,0.5605684460691733,0.7969615655765592
3,0.6188872015696023,0.7618640388512969
10,0.6466933336370452,0.7349300875924119
31,0.6727836599758803,0.7126337624641985
100,0.6834889728238649,0.7096290914617629
