bootstrap_sample_percent,low,high
1,0.530497723149899,0.6692813640935932
3,0.5646549356478587,0.6454457506780711
10,0.5821276288393642,0.6296436017249876
31,0.5920517941999199,0.6169588410965092
100,0.5952682229959116,0.6103014290207214
