bootstrap_sample_percent,low,high
1,0.749988033297381,0.7966713899828117
3,0.7571436531204965,0.7818363361747773
10,0.7636730221040363,0.7758111564200475
31,0.7653554371090813,0.7734119857600406
100,0.7670599032816188,0.7720815086824018
