bootstrap_sample_percent,low,high
1,0.6647089328155645,0.8341513339442445
3,0.6953487359673931,0.7911343309813886
10,0.7118162619012394,0.7729888820495374
31,0.7269662129510328,0.7613154471564023
100,0.7343734355721303,0.7519501297356894
