bootstrap_sample_percent,low,high
1,0.5530517634068769,0.677099926282748
3,0.5768565873439955,0.6594217364844858
10,0.6012206400928573,0.6385115458009744
31,0.6060051769585522,0.6321525938163457
100,0.6140823692864883,0.6277005867545843
