bootstrap_sample_percent,low,high
1,0.608034386975852,0.6866539619270557
3,0.6260239092181932,0.6718769128348032
10,0.6364961036928274,0.6617546640598264
31,0.6428745085634097,0.6560611123670637
100,0.6442764679376036,0.6536145347260123
