bootstrap_sample_percent,low,high
1,0.7420320041104396,0.7844133445822938
3,0.7522857131168859,0.7779933561703647
10,0.7575814327151635,0.7700267369985601
31,0.759248355903777,0.7684794937833366
100,0.7615345077396113,0.7658918625246873
