bootstrap_sample_percent,low,high
1,0.38526452137409517,0.5361289756341632
3,0.4330398816734572,0.5026819083356293
10,0.4431509573585312,0.49048490175628534
31,0.4598772491294162,0.4868797011150796
100,0.4627322304253194,0.47773640547564566
