bootstrap_sample_percent,low,high
1,0.27889508447417166,0.5916601761838135
3,0.38455928226886554,0.5320325595591955
10,0.4081100633179442,0.5023958877434741
31,0.43289144733871476,0.48227946601740823
100,0.4474202325628709,0.47199902568489466
