bootstrap_sample_percent,low,high
1,0.10615442247567046,0.4964172994435614
3,0.19353301097133635,0.39979515792783643
10,0.26567437408196737,0.3694127100947905
31,0.2788377465090757,0.34143339797685435
100,0.2932258266693355,0.32573559084586634
