bootstrap_sample_percent,low,high
1,0.09702267720074208,0.46779578510193853
3,0.16422414600206153,0.36735972115770155
10,0.2112492852081675,0.3286990539099832
31,0.24692123857488985,0.31269529695199594
100,0.2596098741329984,0.2912235005357179
