bootstrap_sample_percent,low,high
1,0.6620246793769987,0.7115387980273704
3,0.6712008610539026,0.7072239921772289
10,0.6779308822140113,0.6956349562564146
31,0.6831106932534006,0.6918195046895586
100,0.684731723343821,0.6896927202557229
