bootstrap_sample_percent,low,high
1,-0.003488851335766814,0.4148857025567313
3,0.1255490026038193,0.338181372458389
10,0.14972689040331189,0.27458137627479967
31,0.18608697767847177,0.25458818551261364
100,0.20048871693380668,0.23478250208470802
