bootstrap_sample_percent,low,high
1,0.2026351164114183,0.3611803908390478
3,0.232348814771503,0.3287446586056554
10,0.2515941234981121,0.3073459688768002
31,0.2633538397434029,0.29638778845254116
100,0.26788855601201933,0.2869200796631879
