bootstrap_sample_percent,low,high
1,0.03963408379596949,0.4189238713978104
3,0.14537243012732942,0.33414352521580226
10,0.17922083200339195,0.3049686518255421
31,0.21127525282132653,0.266090301326522
100,0.21974624968360684,0.25854901574981265
