bootstrap_sample_percent,low,high
1,0.1450675825615016,0.48070256842113446
3,0.15520239511421846,0.3822394077019329
10,0.2171199990582146,0.3389687130670167
31,0.25106298201428123,0.3095277033409748
100,0.26362651649084556,0.3018515909440259
