bootstrap_sample_percent,low,high
1,0.18034206276531825,0.3079317370726471
3,0.20066896981346094,0.271327186253699
10,0.2246008916328674,0.26302361993528023
31,0.23163512834200092,0.25085195404049676
100,0.23455944205284301,0.24661035690912908
