bootstrap_sample_percent,low,high
1,0.25280572973330745,0.5641473847736183
3,0.33215229426294324,0.507777100215193
10,0.3808303754213297,0.4808252989701396
31,0.4032692494604644,0.4512578561864215
100,0.41696072028140974,0.4453684823908558
