bootstrap_sample_percent,low,high
1,0.27754986069737053,0.3765938956364634
3,0.30246734221249993,0.36966549399036247
10,0.32109145087318114,0.35697935785635215
31,0.3280958138252426,0.34791635620967803
100,0.3327263862395107,0.34529095850809133
