bootstrap_sample_percent,low,high
1,0.03370387993637995,0.4085007551349892
3,0.09357448800172158,0.3091750528143096
10,0.14902220209842454,0.268709703209151
31,0.16537157626774446,0.2523471587051143
100,0.1885201768917843,0.23228466303840933
