bootstrap_sample_percent,low,high
1,0.037428889683976896,0.432899255267431
3,0.16547156053692957,0.35352111004795794
10,0.19597391213205906,0.3040140249107466
31,0.2249952214664569,0.2821665956927778
100,0.23176722724668394,0.27084567909378054
