bootstrap_sample_percent,low,high
1,0.04877945174308159,0.35827653456763664
3,0.1477125159738537,0.3107644361357607
10,0.18748824763210573,0.2661151466739136
31,0.19055323905203264,0.25376231261871585
100,0.21499190664118933,0.2447689061290953
