bootstrap_sample_percent,low,high
1,0.3423188264695497,0.6428748701212248
3,0.42098323842947877,0.5534327342011909
10,0.4526383570016631,0.5325436806039947
31,0.46610424635969905,0.5181041878124936
100,0.4810660932490115,0.5065962211726898
