bootstrap_sample_percent,low,high
1,0.48556915441339865,0.5760325640580635
3,0.5054427440495659,0.5501804490143627
10,0.5149470384503003,0.5396969795582047
31,0.5210097931691273,0.5375847213099034
100,0.524420998958178,0.534586890841406
