bootstrap_sample_percent,low,high
1,0.017589832119402914,0.449720385466303
3,0.10709681084675629,0.36559485606279324
10,0.18225088136678716,0.3100811842651752
31,0.22170277897556634,0.27923351624496995
100,0.2282056882451436,0.2685272738312706
