bootstrap_sample_percent,low,high
1,0.6291323087227607,0.6824541809593583
3,0.6423734974482918,0.6714453363320128
10,0.6470230078522792,0.6644744784610557
31,0.6516390271798829,0.6597937943389256
100,0.6521663701580448,0.6583083018856424
