bootstrap_sample_percent,low,high
1,0.28739758978124263,0.5108672387693083
3,0.32935869165565546,0.46179628770846815
10,0.36617194848893186,0.4397567329337547
31,0.3835956350474825,0.4264135275130132
100,0.3914514091926617,0.4117785669273111
