bootstrap_sample_percent,low,high
1,0.5937702851710139,0.6522925885406345
3,0.6045819493806811,0.644325939830543
10,0.6137874678089964,0.6345615218925276
31,0.6206340795600487,0.6311410907185209
100,0.6210358527659673,0.6290134853167935
