bootstrap_sample_percent,low,high
1,0.5796017818198269,0.6411002643381036
3,0.5927033941115736,0.6279135989580755
10,0.6013512836872678,0.619301581864827
31,0.6060058394326631,0.6174798826284734
100,0.6078500914116635,0.6141422801957023
