bootstrap_sample_percent,low,high
1,0.6577258399232152,0.7230840632709141
3,0.6681103550768566,0.710446019717777
10,0.6804894904728659,0.7008910893077447
31,0.6867618264660467,0.6987813428599617
100,0.6895419785692547,0.6956818882451117
