bootstrap_sample_percent,low,high
1,0.16752986559527827,0.2953041593262272
3,0.20375532162781623,0.2662261509417906
10,0.21095340858232675,0.2521659818137437
31,0.223087172265101,0.24603159261869295
100,0.22624048078912898,0.2397301581014965
