bootstrap_sample_percent,low,high
1,0.13584664530340868,0.505688065358832
3,0.21528155957012401,0.4103249004392494
10,0.25861471384647083,0.3667421885528332
31,0.2820674551540039,0.3429284909362608
100,0.2907968753664236,0.327453493173971
