bootstrap_sample_percent,low,high
1,0.17717839442066985,0.36099326634310736
3,0.23962412716919806,0.31994745630200433
10,0.25394021959324503,0.30295470229399474
31,0.2654098931997664,0.29614521032068464
100,0.27004464141822737,0.28864797046549784
