bootstrap_sample_percent,low,high
1,-0.17175095341878366,0.27380716738756183
3,-0.06531111646852353,0.18224269028607198
10,0.00069670061147094,0.1322504659324838
31,0.033469421342225227,0.10876885878509417
100,0.04976397209068727,0.08952159204564517
