bootstrap_sample_percent,low,high
1,0.4723061190355833,0.5440008922364392
3,0.48501306674604217,0.5214236880881383
10,0.4932973628698488,0.5154220405835239
31,0.4972484667308854,0.5105734734953112
100,0.5001691075661883,0.5069286964157657
