bootstrap_sample_percent,low,high
1,0.14470580939480737,0.4429342236725688
3,0.20804194333183224,0.3876673596290179
10,0.271362944418174,0.36763615298583396
31,0.2854206566348967,0.33658907322233955
100,0.2992145864715473,0.33332237251478103
