bootstrap_sample_percent,low,high
1,-0.10411328603678996,0.29753031974192035
3,-0.028382486022872792,0.20344023028185282
10,0.020702177944342273,0.16048235828697613
31,0.05965808731863139,0.1319647273408136
100,0.07113014349430447,0.11320676610055375
