bootstrap_sample_percent,low,high
1,-0.12200830450144473,0.249099720959772
3,-0.03131156431597963,0.19602946938878474
10,0.01768717555755156,0.14606183866356237
31,0.03644167794611464,0.1152879218238121
100,0.06146646637169492,0.09730474477817325
