bootstrap_sample_percent,low,high
1,-0.14602605541118988,0.3487428963219471
3,-0.0017662760336099141,0.2497828519198294
10,0.06998089467669945,0.19070176166130715
31,0.0899078563139791,0.17044983095268096
100,0.11210388072355573,0.14859181751605552
