bootstrap_sample_percent,low,high
1,-0.13803936517414558,0.2770653193991254
3,-0.04559019143298202,0.1565468923464318
10,0.005892586300533863,0.13962037367784624
31,0.034196232569030455,0.10006880884476224
100,0.045812813593296656,0.08874999100384656
