bootstrap_sample_percent,low,high
1,-0.12291341203140305,0.30841072083892024
3,-0.014923921829367779,0.22564766528164926
10,0.022556279985698535,0.16774755903262922
31,0.06528457568911758,0.13555340602898458
100,0.08274865164713963,0.12362823018956623
