bootstrap_sample_percent,low,high
1,-0.08397439051455377,0.3433672837918005
3,-0.013408553576801523,0.21841255447881125
10,0.04503914446052959,0.18327220139409223
31,0.06927890451756202,0.14785591493902098
100,0.09062664625978906,0.12700401649112047
