bootstrap_sample_percent,low,high
1,0.5071948716631294,0.5740183015911685
3,0.5246957583271059,0.5632383986
10,0.5336891484966789,0.554881567179202
31,0.5376072410080248,0.5497321543550937
100,0.5395443418906376,0.5468859192316704
