bootstrap_sample_percent,low,high
1,0.05630111888646456,0.2141725977334077
3,0.08386675055457136,0.18759192005422526
10,0.09462302159834618,0.16295268726768308
31,0.12265152803821616,0.15224519420515917
100,0.12243497704866735,0.14770797427202265
