bootstrap_sample_percent,low,high
1,0.3686921936643099,0.47166508136322827
3,0.4011078459296382,0.4494009444307163
10,0.411817465314516,0.4407193594068576
31,0.417790273295228,0.4343974518558536
100,0.4212690439204592,0.4295894871153591
