bootstrap_sample_percent,low,high
1,0.10720865046855117,0.511080189299143
3,0.22422751896692886,0.43263094695056653
10,0.2654460728744117,0.37418413129042405
31,0.28717828063780904,0.3532870484476105
100,0.30615385677089857,0.33947501997640284
