bootstrap_sample_percent,low,high
1,0.035637010139522224,0.23700619531927503
3,0.07209088033750925,0.20108626291236248
10,0.10252894148713054,0.17169982919331256
31,0.11849077104435687,0.15122711961211532
100,0.12301437391176447,0.14549971461897254
