bootstrap_sample_percent,low,high
1,-0.15303546963843664,0.24711057729536468
3,-0.05001894998937374,0.16709476016886193
10,0.013533463147411322,0.1314564665928839
31,0.034620165948748644,0.11382936201028851
100,0.051419864796747455,0.09021272953704251
