bootstrap_sample_percent,low,high
1,0.11399139831897971,0.394800336061801
3,0.17925821025420735,0.3008450154608342
10,0.21446252677002442,0.28872663019517963
31,0.22540331940778763,0.2763738558744382
100,0.2348785244600381,0.25948414597286446
