bootstrap_sample_percent,low,high
1,-0.061203180456212564,0.2613205156856489
3,-0.01824395601104636,0.16926133486193257
10,0.03918072575788764,0.130731719682805
31,0.058784215639566734,0.10629110097762588
100,0.06882910093963712,0.10231882170686157
