bootstrap_sample_percent,low,high
1,0.15235767885866297,0.453660371850094
3,0.2095730082964974,0.38644673709142313
10,0.2547122578970684,0.3544152665771497
31,0.2655067855576948,0.32933532093789897
100,0.2775828026357017,0.30984953532600645
