bootstrap_sample_percent,low,high
1,0.07317731685805025,0.20779658599578862
3,0.11323924195200258,0.19275347588826844
10,0.13090742487359763,0.16985931517280548
31,0.13427804988675762,0.15955914842694124
100,0.14081380251609465,0.1547746007760073
