bootstrap_sample_percent,low,high
1,0.5047552992912774,0.5746751106279824
3,0.5202363064843115,0.5583353713269206
10,0.5285084204283665,0.5518047689574763
31,0.5337969452866893,0.5462057889736228
100,0.5366815309069702,0.5440378075679083
