bootstrap_sample_percent,low,high
1,-0.06268491500947683,0.36529966119910395
3,0.02648955768872325,0.24617563975442508
10,0.05492842217654296,0.17539315004701483
31,0.07477912751464125,0.15409581379213297
100,0.09245500230020529,0.1342529459109087
