bootstrap_sample_percent,low,high
1,0.3606001653925107,0.45313436726316475
3,0.39158735777682385,0.4486807929961324
10,0.401869139184355,0.42729675311353876
31,0.40889733054997734,0.42301477946614807
100,0.41082064071519486,0.41960317133304637
