bootstrap_sample_percent,low,high
1,-0.15579164508486126,0.23155744029750022
3,-0.0422557029718537,0.1881619936077194
10,0.007921916603952143,0.13209548920294348
31,0.033273154986897466,0.09742468598100132
100,0.04679244497396673,0.08616150033984782
