bootstrap_sample_percent,low,high
1,0.07064144066547731,0.19400659199404915
3,0.10245940683488149,0.17739744649188235
10,0.1202728138195962,0.16566025758469052
31,0.13306495802896212,0.1576158878592543
100,0.13516938138305096,0.15124465056162123
