bootstrap_sample_percent,low,high
1,0.2819724061599558,0.38040036220173
3,0.3090773128539431,0.37001516592701467
10,0.3208257674189387,0.35468465044292297
31,0.3303493923715527,0.34751081086915847
100,0.33267005304510244,0.3447807732141437
