stat,complexity,comm_cost,optimality
t-statistic,20.823682864500686,-105.85856801962491,-8.060265995346342
Two-sided p-value,3.7725957042898986e-96,0.0,7.675759503453317e-16
