bootstrap_sample_percent,low,high
1,0.17283132931675466,0.6430870851448093
3,0.29040955140844604,0.5458209730534501
10,0.3425083819755815,0.47657605676617754
31,0.3530651949661334,0.44814551258327023
100,0.3898539921219573,0.4357683882651261
