bootstrap_sample_percent,low,high
1,0.4927266820064783,0.6290802076452722
3,0.5293264714010212,0.6124521024700107
10,0.5447699165757058,0.5958622457968318
31,0.5571336374259519,0.5849193485530176
100,0.5655655146462386,0.5794140874638435
