bootstrap_sample_percent,low,high
1,0.5279129157139639,0.6492866500808165
3,0.5497786395790083,0.6199347640690973
10,0.5599291717846533,0.606638797746788
31,0.569685302736932,0.593756267669818
100,0.5758372907339595,0.5898524454827215
