bootstrap_sample_percent,low,high
1,0.5160085427992023,0.648983617037604
3,0.5448531802882117,0.6216424463068335
10,0.5652985498746412,0.6057890890048727
31,0.5721662806465689,0.5957426170284544
100,0.5792471406106083,0.5891335921231072
