bootstrap_sample_percent,low,high
1,0.4092111652111296,0.5553644509778801
3,0.4498546466839588,0.5262832220865213
10,0.4615649713107854,0.5077834866867306
31,0.46832313200741904,0.4961115791780468
100,0.47560280006423084,0.49058920811286866
