bootstrap_sample_percent,low,high
1,0.40201946717510983,0.5778961078099955
3,0.44466383593717673,0.5200896144011768
10,0.4609458715534871,0.5044088997282307
31,0.47185857625047545,0.4971631912292791
100,0.47720816057160487,0.48947505652900597
