simplicity,informativity,optimality
78.62376308386062,5.732597729873545,106.46661739710756
0.0,1.4141335576065435e-08,0.0
