simplicity,informativity,optimality
-8.306269838919096,15.219378419283501,-5.00908720536606
1.0241391624817192e-16,3.92546784579146e-52,5.496538351609306e-07
