name,simplicity,informativity,optimality
natural_means,0.7972070431086823,0.8096889699334413,0.947353178356497
dlsav_means,0.8623956552348386,0.6268860450796961,0.8796006792129042
deontic_priority_means,0.6578161252404516,0.5981416603180565,0.7580796382744447
epistemic_priority_means,0.6578161252404516,0.5981416603180565,0.7580796382744447
circ_priority_means,0.6578161252404516,0.5981416603180565,0.7580796382744447
dp_restricted_means,0.6578161252404516,0.5981416603180565,0.7580796382744447
population_means,0.6578161252404516,0.5981416603180565,0.7580796382744447
