name,simplicity,informativity,optimality
natural_means,0.7412935323383086,0.7896974093927186,0.9044668811873051
dlsav_means,0.8236669003973421,0.6365066255668489,0.8514608407492082
deontic_priority_means,0.7151603859157252,0.6201343811217823,0.7862549073898298
epistemic_priority_means,0.7151603859157252,0.6201343811217823,0.7862549073898298
circ_priority_means,0.7151603859157252,0.6201343811217823,0.7862549073898298
dp_restricted_means,0.7151603859157252,0.6201343811217823,0.7862549073898298
population_means,0.7151603859157252,0.6201343811217823,0.7862549073898298
