stat,simplicity,informativity,optimality
t-statistic,8.794112586134592,13.292868635410256,20.884983753610197
Two-sided p-value,2.867445366703495e-09,4.20123186793888e-13,8.995153123464176e-18
