stat,simplicity,informativity,optimality
t-statistic,93.13582324193008,6.676138782356964,46.964909489779124
Two-sided p-value,0.0,4.538121991496725e-11,6.21175162178462e-234
