stat,simplicity,informativity,optimality
t-statistic,1.2506213647946405,7.933977276595593,9.05327337986226
Two-sided p-value,0.22221089815824555,2.0655577590247786e-08,1.6123307932068925e-09
