stat,simplicity,informativity,optimality
t-statistic,8.793927731039375,13.293352135971588,21.22900943297497
Two-sided p-value,2.8686322504968267e-09,4.1977518574302496e-13,6.016990756002799e-18
