stat,simplicity,informativity,optimality
t-statistic,93.13715718591328,6.674351709253313,47.03072511238728
Two-sided p-value,0.0,4.5908550440544965e-11,2.69961831681491e-234
