stat,simplicity,informativity,optimality
t-statistic,23.149547527376953,1.9848590551261591,15.184055160677449
Two-sided p-value,1.8977505496722776e-78,0.04777237712779906,2.8375398674052773e-42
