simplicity,informativity,optimality
78.6644261257756,6.878405571966536,133.70246129074897
0.0,1.2431736645460695e-11,0.0
