simplicity,informativity,optimality
78.60840817338477,6.702815976706994,134.02727938403498
0.0,3.916401454377802e-11,0.0
