simplicity,informativity,optimality
-8.311171904908177,9.619350287280868,-7.032080797197681
9.827628859495396e-17,7.06876703747697e-22,2.073534810832436e-12
