,sample,pearson
0,new,-0.4685788796530204
1,old,-0.4685788796530204
