,sample,pearson
0,new,-0.4091872227754934
1,old,-0.4091872227754934
