name,simplicity,informativity,optimality
dlsav_means,0.6437841679422699,0.7702902402183508,0.8789730727421023
population_means,0.5360862535508573,0.5706746100497773,0.7404666994345506
