simplicity,informativity,optimality
18.94961949123354,2.9270329782420133,11.147561727662126
4.5680314603093125e-05,0.042940770577195905,0.0003685402140809804
