simplicity,informativity,optimality
55.3308128665034,82.04296143691191,221.1633278526702
0.0,0.0,0.0
