simplicity,informativity,optimality
117.97119065961492,95.42501673042531,348.91449803255193
0.0,0.0,0.0
