bootstrap_sample_percent,low,high
1,0.3141808600598953,0.7875079440421185
3,0.38336565154496643,0.7101602573639043
10,0.4598036205235037,0.6142987145865269
31,0.5043543066332973,0.5865747212841901
100,0.5212157956366342,0.5669092467337029
