bootstrap_sample_percent,low,high
1,0.5274988456790654,0.6728199615548326
3,0.5795078285742881,0.665035763317888
10,0.5968640627967261,0.6414301336023451
31,0.6073191929146273,0.6337874549188418
100,0.6116850835076588,0.6271882250838734
