bootstrap_sample_percent,low,high
1,0.22384431310323077,0.7386237257442431
3,0.34497306719835574,0.6097104652882023
10,0.42499195527768774,0.5594751906368773
31,0.45037086071165644,0.5379770011833854
100,0.4707124477147766,0.5130162339194758
