bootstrap_sample_percent,low,high
1,0.46153664015165896,0.6137106367613904
3,0.5094738887744757,0.5725184774997016
10,0.5122641389119243,0.5629408012309371
31,0.5276660731490732,0.550952935109832
100,0.5324903264576896,0.5470788330109904
