bootstrap_sample_percent,low,high
1,0.10583178720869925,0.6050144957299075
3,0.19631684079179026,0.5002138746483505
10,0.2681287486840038,0.44331209973089036
31,0.3187660412401051,0.4060521475608412
100,0.3341698820617468,0.3888165934856922
