bootstrap_sample_percent,low,high
1,0.3899786589251252,0.5586408230941033
3,0.4358309493364012,0.538427430768736
10,0.46135315016030015,0.5090029240739449
31,0.4729329781558881,0.4957186496872229
100,0.4771958351969309,0.4926241971885347
