bootstrap_sample_percent,low,high
1,0.4531556481312389,0.5775954569640902
3,0.4895322215760346,0.5772378330840663
10,0.5029953327613221,0.5511845221127032
31,0.5174528256927852,0.5421351646883656
100,0.520044911725096,0.5339929279350992
