bootstrap_sample_percent,low,high
1,0.30750311092784,0.7036042437160719
3,0.401958534700275,0.6453946986294608
10,0.4288469660228954,0.5750598150427351
31,0.4798426220300335,0.5439078909786716
100,0.4912228122589312,0.5336393782388685
