bootstrap_sample_percent,low,high
1,0.42055516108463037,0.577380827761159
3,0.47291684183069527,0.5530211481990996
10,0.4843602357957032,0.5323280849457
31,0.4941886841820662,0.5257175772823326
100,0.5039916132845622,0.5175349919592943
