bootstrap_sample_percent,low,high
1,0.4150862126381978,0.5714376859730577
3,0.47676527240702327,0.5507217691851602
10,0.4880456959905594,0.5358763538574336
31,0.49972488403283266,0.5239865756228909
100,0.5044028536068728,0.517865937383105
