bootstrap_sample_percent,low,high
1,0.019320035301987972,0.6436125725977773
3,0.22043819303984447,0.5499951384589874
10,0.3115307979816661,0.47641194701823086
31,0.34204722487576783,0.4322699067784931
100,0.34746958045616194,0.41308238729167523
