bootstrap_sample_percent,low,high
1,0.4007675018791138,0.5504685236523119
3,0.4332166557810123,0.5114072900454676
10,0.4610824508038882,0.508455094465415
31,0.4709386062695479,0.4971439220962917
100,0.476880792526103,0.49009105288457644
