simplicity,informativity,optimality
3.6771493638481103,14.958939552847793,12.676432079021327
0.0010786949589840062,2.7478643827260595e-14,1.2313701644077278e-12
