simplicity,informativity,optimality
19.301267161072676,0.30967570243635245,35.75183782058287
2.6001285952865596e-38,0.7573537810915949,3.7424828979839946e-65
