stat,complexity,comm_cost,optimality
t-statistic,20.823682864500693,-89.34392721801534,-3.918426935163466
Two-sided p-value,3.772595704289145e-96,0.0,8.9173573596321e-05
