simplicity,informativity,optimality
-3.4075605432019094,6.1808602764457214,-1.4604344924739825
0.0006690672683785865,7.774521227397344e-10,0.14433525053523644
