simplicity,informativity,optimality
23.622644749841232,-3.404180351994833,25.97068831660286
1.5061990512033008e-41,0.0009734035080606947,6.130682171580099e-45
