stat,complexity,comm_cost,optimality
t-statistic,20.823682864500686,-106.4096193723951,-8.096104766200245
Two-sided p-value,3.7725957042898986e-96,0.0,5.722410987397488e-16
