stat,complexity,comm_cost,optimality
t-statistic,20.823682864500686,-103.53944557745693,-7.815347214775193
Two-sided p-value,3.7725957042898986e-96,0.0,5.521257262939349e-15
