bootstrap_sample_percent,low,high
1,0.7124890779718114,0.7802475537602264
3,0.7305285565156736,0.764055919733072
10,0.7357502829030131,0.7567639466001613
31,0.7414166267513584,0.7529073683839894
100,0.7422158589580957,0.7491843145790025
