bootstrap_sample_percent,low,high
1,0.5235113372205159,0.6040827133083513
3,0.5439993236653811,0.588692256982553
10,0.5535273708792263,0.5820683920597108
31,0.5591772157592554,0.5751937803396927
100,0.5646307024719581,0.5736166567845373
