bootstrap_sample_percent,low,high
1,0.4982258820644347,0.5827615367101291
3,0.5219447916172499,0.5640461432655532
10,0.5295357304018691,0.5564703826810549
31,0.538469799172612,0.5508216804869372
100,0.5414767343357847,0.5479243681196124
