bootstrap_sample_percent,low,high
1,-0.4263526495202833,-0.03259391080582391
3,-0.34587561399823263,-0.14745431684878724
10,-0.3185593471634641,-0.19443918621649534
31,-0.2852280000391926,-0.21137867879848504
100,-0.2667601293306443,-0.22576078212161027
