bootstrap_sample_percent,low,high
1,-0.43650363062930164,-0.0382098547680549
3,-0.32884793902185994,-0.12270193103608665
10,-0.29892280472062194,-0.14578848891098273
31,-0.2607913896908155,-0.20250265009755442
100,-0.2526871520920175,-0.20720512251117118
