bootstrap_sample_percent,low,high
1,-0.22470269147216806,0.1581422714151708
3,-0.17443752978953833,0.02431213926876354
10,-0.13231889228106564,0.008314686714614833
31,-0.09427439683920025,-0.02779245078817138
100,-0.08652717001730133,-0.039784893067698966
