bootstrap_sample_percent,low,high
1,0.013455639532287672,0.13175140123563067
3,0.030329817995636575,0.09842873376840557
10,0.051158887670862754,0.0843755884072265
31,0.053189171207062104,0.07471877350150455
100,0.05991047112248115,0.07123648367383113
