bootstrap_sample_percent,low,high
1,0.5174469377657023,0.7451525152025602
3,0.5505712723359322,0.7007950768884622
10,0.6002549768726944,0.6661620740799477
31,0.6096077211864753,0.6587699736556463
100,0.6208750512200343,0.643550914356221
