bootstrap_sample_percent,low,high
1,0.4297330098229981,0.5054904107447742
3,0.44301254146972946,0.49331443154270815
10,0.45609025329456987,0.4831717678007046
31,0.46434847833882736,0.4791733032845668
100,0.4673892663580675,0.4773270681785789
