bootstrap_sample_percent,low,high
1,0.5775161497624186,0.6419014512025245
3,0.5926470908700641,0.6257250861091753
10,0.5983652935123074,0.6226393289115733
31,0.6047703012113507,0.6157850186906344
100,0.6075615791019,0.6135469113697238
