bootstrap_sample_percent,low,high
1,0.39163310143605723,0.47644930289569626
3,0.40351731970109544,0.4625811743042957
10,0.4204155159759523,0.44556339867671935
31,0.4247663026732692,0.4418500803776807
100,0.42738590717292624,0.4377184596174794
