bootstrap_sample_percent,low,high
1,0.5793570820924492,0.8415385785983625
3,0.6531352378534137,0.7846612253412052
10,0.6748460295771024,0.7577641873796311
31,0.7027188146363761,0.7413499845312597
100,0.7087556181977619,0.7345208740501621
