bootstrap_sample_percent,low,high
1,0.40106009790226993,0.5310229171819807
3,0.43280557030358113,0.516210563724241
10,0.44897464732635495,0.4890916740166255
31,0.45784877130270096,0.4803802396780651
100,0.46487517143729296,0.47618703734102663
