bootstrap_sample_percent,low,high
1,0.46902981176253616,0.6583575037198709
3,0.4943969732872133,0.6039395388274957
10,0.5394649558375697,0.5964028262199668
31,0.550086908778161,0.585732369616022
100,0.5565904437599642,0.5747715226819283
