bootstrap_sample_percent,low,high
1,0.4234222019617152,0.5111896024799805
3,0.44295992714331756,0.49781969490573924
10,0.4552486997370593,0.48797497283235974
31,0.4610721251371539,0.4788119853883351
100,0.4667147884686696,0.47551647198134267
