bootstrap_sample_percent,low,high
1,0.43006361004623495,0.521408565741335
3,0.4456101967394551,0.49851202200581274
10,0.45928808357117196,0.4887290815460311
31,0.46925457031198403,0.4841113998778234
100,0.4722864946486938,0.4812062896555651
