bootstrap_sample_percent,low,high
1,0.6353141770989358,0.7292548242001002
3,0.6573115513642598,0.7027897497624501
10,0.665835180012439,0.6937309670495413
31,0.6733171850332986,0.6862559332542395
100,0.67687228819225,0.6845077997517579
