bootstrap_sample_percent,low,high
1,0.5224690709854907,0.6942232476507223
3,0.5625953478022657,0.6644225074743741
10,0.5908766005753197,0.6422349822941472
31,0.597054282931198,0.6332161482580354
100,0.6040895514255392,0.6233846823624435
