bootstrap_sample_percent,low,high
1,0.472508435982063,0.7615257426190352
3,0.5438943286058637,0.7015184721831035
10,0.5900575833554942,0.679499796651319
31,0.6237820930576317,0.6603684673711017
100,0.6249982779329157,0.6533666986510054
