bootstrap_sample_percent,low,high
1,0.4105173288597018,0.5894893840999662
3,0.45404502149100184,0.5534634709429834
10,0.4743088847778243,0.5271349333384218
31,0.489703065346667,0.5198916965498607
100,0.4954992460655139,0.5129754005823098
