bootstrap_sample_percent,low,high
1,0.48985846143206463,0.6504882410568404
3,0.5241422097897674,0.6276544519397129
10,0.5488012201758619,0.6007344341854477
31,0.5624982188521614,0.5942675279177356
100,0.568060891587127,0.5861499732400524
