bootstrap_sample_percent,low,high
1,0.5087161514124771,0.7529177917782812
3,0.5644144626365803,0.713038891610569
10,0.5939026709402009,0.6802299036367263
31,0.6071596963247068,0.6546780027074607
100,0.6213653682206255,0.6460809474195202
