bootstrap_sample_percent,low,high
1,-0.0065821739618726685,0.08996993957302957
3,0.014558700970857121,0.07667021438997695
10,0.030747582361870033,0.06324720237432112
31,0.03638210345953376,0.05816344344035455
100,0.04111030535140543,0.05332500878444489
