bootstrap_sample_percent,low,high
1,0.15968214420762344,0.40222028831620793
3,0.23247232490299452,0.3467847358519187
10,0.2601758965921128,0.3318747410401266
31,0.27662906511607815,0.3185422237406972
100,0.28729630534384576,0.30997774581836324
