bootstrap_sample_percent,low,high
1,-0.019174368324942733,0.09233685267460592
3,0.01566310513534589,0.06941396218194623
10,0.030472625129091744,0.058590421950559454
31,0.03209564565344231,0.05018233504488018
100,0.03702914190795177,0.04683876810710484
