bootstrap_sample_percent,low,high
1,0.4059950770673583,0.6835115298372731
3,0.4730266943134279,0.6311321365267801
10,0.5274418033921175,0.6131778705212843
31,0.5337361187582903,0.5847933868331273
100,0.5498417608026702,0.579104918035799
