bootstrap_sample_percent,low,high
1,0.0066077976443221316,0.37378884743316076
3,0.043351740766941635,0.26891348975626894
10,0.10773732242203238,0.22732110987504034
31,0.13071135633241465,0.1960137937834814
100,0.14635553586334504,0.1832766701788093
