bootstrap_sample_percent,low,high
1,0.34124756120340083,0.4537795879336188
3,0.37558760171076633,0.42475532938062444
10,0.38422099960796163,0.414676351107708
31,0.3912361547257855,0.40575347666185474
100,0.39341847021456855,0.40370979807303015
