bootstrap_sample_percent,low,high
1,0.017444332607225877,0.28304278469047917
3,0.0725637413759466,0.22327572139929025
10,0.10519834160823177,0.1948988035824673
31,0.1250788561842027,0.17561879983241074
100,0.1398113834045364,0.1659715401981947
