bootstrap_sample_percent,low,high
1,0.336614253469966,0.4346383591459023
3,0.36293416136628154,0.4151184787573009
10,0.3698801780738864,0.40547730406705684
31,0.37884983429466046,0.39804826380646097
100,0.3817182251032758,0.3928764692340531
