bootstrap_sample_percent,low,high
1,0.4269765239633058,0.6879111964837291
3,0.4957410283813237,0.6192027541656688
10,0.5258483526893414,0.6036141001705995
31,0.5280062536341931,0.5820541904683137
100,0.5501323767231698,0.5764433036399698
