bootstrap_sample_percent,low,high
1,-0.6169630221970352,-0.4207416883294044
3,-0.5654732989028823,-0.4631056916861258
10,-0.5442254882963126,-0.48564738374865546
31,-0.5259575295010912,-0.5002445335803059
100,-0.5226076732783403,-0.5078401472519789
