bootstrap_sample_percent,low,high
1,-0.19616107341774758,-0.037196841957026716
3,-0.15963550579773203,-0.08465185347180855
10,-0.1385639240109066,-0.1030885466689653
31,-0.12866991296385555,-0.10707047345466038
100,-0.1257909167781865,-0.1119787105216643
