bootstrap_sample_percent,low,high
1,0.36892356843401997,0.47186987955046106
3,0.39187112524036993,0.45519870312333643
10,0.4069304932612976,0.43768737891664133
31,0.41284697645185847,0.4332756474785132
100,0.41747225974352165,0.42847801765104376
