bootstrap_sample_percent,low,high
1,-0.31734123675329284,-0.17957447193315784
3,-0.29024646744952765,-0.20522960384258154
10,-0.2679592728195669,-0.2218915113944594
31,-0.25657970997454466,-0.23315770980498612
100,-0.2532333867851815,-0.23875000807324126
