bootstrap_sample_percent,low,high
1,0.35740096933918575,0.6522630154463176
3,0.4549887674776269,0.6122271992845219
10,0.5028031324390276,0.5806466210364314
31,0.5169471124316527,0.5658205633336624
100,0.52874134002681,0.5544897315132562
