bootstrap_sample_percent,low,high
1,-0.6691786441607921,-0.49707315401641883
3,-0.6433398749104393,-0.5334786408260312
10,-0.6182839812683686,-0.5657642336976487
31,-0.6110557886708485,-0.5768054719956865
100,-0.6038695548128622,-0.5863227469910282
