bootstrap_sample_percent,low,high
1,-0.6836181191818532,-0.5175375908600655
3,-0.6443211742533104,-0.5464002756008177
10,-0.6243711395097429,-0.5747625216607657
31,-0.6135072759608458,-0.5831449813644811
100,-0.6033149344586244,-0.587355510030076
