bootstrap_sample_percent,low,high
1,-0.06885775521221037,0.21544331612676929
3,-0.026907758369489793,0.16816450393373977
10,0.027023474857676498,0.10943028114739863
31,0.04137419467381612,0.09138855119383404
100,0.05586074238989086,0.08675159202845692
