bootstrap_sample_percent,low,high
1,0.011222860282197624,0.16288893211020977
3,0.03582954681862573,0.12524490311534991
10,0.06110600496104367,0.11141649282583818
31,0.07152870613188851,0.10281177444940934
100,0.07988669767709639,0.09430685343943485
