bootstrap_sample_percent,low,high
1,0.12651933434733986,0.23253269517767572
3,0.14173754529659732,0.19904041989847587
10,0.15111832282476023,0.18841666988257916
31,0.16015856728489108,0.18043527636023066
100,0.16377531831943437,0.1764072539759161
