bootstrap_sample_percent,low,high
1,0.11799651954306775,0.24328858177962678
3,0.14066107089510071,0.21331466225439263
10,0.16369948702390938,0.20399455839726865
31,0.168683499321995,0.18968691616266373
100,0.17304302598328686,0.18728927679911386
