bootstrap_sample_percent,low,high
1,0.028215646974355146,0.1780537739691589
3,0.0635383642185133,0.12646557765608726
10,0.07784272361800368,0.11836067381365337
31,0.08184036196375045,0.10873929845409726
100,0.08959072531186815,0.10467529420174818
