bootstrap_sample_percent,low,high
1,0.13811481128155323,0.24249308829184862
3,0.15144598293176575,0.2133852108030972
10,0.1678630090695719,0.19694623511375903
31,0.17130434075703113,0.19093672371055476
100,0.17671338004321308,0.18701638768989448
