bootstrap_sample_percent,low,high
1,-0.14544386775556195,0.2328588941107725
3,-0.05690883824503265,0.18531182199060464
10,-0.0037525542342551526,0.1333679663510462
31,0.03309682976106306,0.09987507783816582
100,0.03930950405942453,0.08454197823951023
