bootstrap_sample_percent,low,high
1,-0.09478268292309193,0.21068446720770065
3,-0.01565020365094224,0.17026023490867526
10,0.0214397784492581,0.1025081554296483
31,0.03671028057018505,0.09265680548530994
100,0.05128635396636114,0.0758714835201647
