bootstrap_sample_percent,low,high
1,0.044932323825177214,0.40637437662343384
3,0.09325902872712599,0.36434388256191297
10,0.19541895675467297,0.3114713258765126
31,0.20802307357940136,0.29007059799422374
100,0.23172939364292167,0.2679575122371945
