bootstrap_sample_percent,low,high
1,0.4253925757374277,0.5177387252658147
3,0.4432414225324032,0.4978472776117027
10,0.45441635587024537,0.48153346231621114
31,0.46012476816557885,0.4759010952158189
100,0.463663180120162,0.4720743564903974
