bootstrap_sample_percent,low,high
1,-0.13200910837130095,0.1179619381067755
3,-0.10364797127131638,0.05746977636366363
10,-0.05693506099746973,0.022407866012369083
31,-0.047595904423712,0.0009314693024626089
100,-0.03343070791281076,-0.0010569133160634443
