bootstrap_sample_percent,low,high
1,-0.05870391767189409,0.2413243754820414
3,0.00523211967193379,0.16157530726862984
10,0.021072167686365075,0.12093439672980569
31,0.03978064926532596,0.09255199753530532
100,0.053385432330741736,0.08673021198638484
