bootstrap_sample_percent,low,high
1,0.12267029662573503,0.2480951737100875
3,0.15426057323712913,0.21359365491881077
10,0.16558611226491274,0.2038981297562008
31,0.17353916344137332,0.1967752851546586
100,0.17620471198090298,0.18916244846048857
