bootstrap_sample_percent,low,high
1,0.5490624278544394,0.6025021492640948
3,0.5558972847267964,0.5962274034226257
10,0.5675558889459461,0.5868457128043517
31,0.5731856831102877,0.5832584034986817
100,0.5745661175351275,0.5808335958514157
