bootstrap_sample_percent,low,high
1,-0.02243195358220233,0.4369608863400152
3,0.11835400629981399,0.33726115181791466
10,0.1757329154100753,0.2938613347386919
31,0.1902541657450748,0.2669562779508612
100,0.20199872360324217,0.24917315153158853
