bootstrap_sample_percent,low,high
1,5.153883512686047e-05,0.43964938300802514
3,0.14438544219763258,0.36589282915172383
10,0.2147608183734488,0.3243941753142071
31,0.23459781322337836,0.29799362842164756
100,0.24673243069175205,0.28664197795598234
