simplicity,informativity,optimality
77.87823127568124,7.015160128995173,133.33644784086562
0.0,4.98266195674258e-12,0.0
