simplicity,informativity,optimality
-8.315460272107611,9.567879152737943,-7.133265012745682
9.479466494811109e-17,1.1627677756447643e-21,9.999264193375118e-13
