name,simplicity,informativity,optimality
natural_means,,,
dlsav_means,0.8182605682605683,0.5708440170940171,0.9182671893222164
deontic_priority_means,0.5893012328822136,0.5386633221990299,0.7534971923526854
population_means,0.5976260043827611,0.534525268736782,0.758264620162183
