name,simplicity,informativity,optimality
natural_means,,,
dlsav_means,0.8182605682605683,0.5708440170940171,0.9182671893222164
deontic_priority_means,0.5893012328822136,0.5386633221990299,0.7534971923526854
epistemic_priority_means,0.5894741443125668,0.5385570745764204,0.7536001899553981
circ_priority_means,0.5892737163787685,0.5386470250529548,0.7534695573577895
population_means,0.5976260043827613,0.5345252687367817,0.7582646201621831
