name,simplicity,informativity,optimality
natural_means,,,
dlsav_means,0.8186562521600884,0.5700234441602727,0.9183121200248928
deontic_priority_means,0.5893126343781598,0.5386547440491324,0.7535026108514437
epistemic_priority_means,0.5894855240997675,0.5385485120519523,0.7536055975193183
circ_priority_means,0.5892737163787685,0.5386470250529547,0.7534695573577895
dp_restricted_means,0.7700607584328515,0.4889414186935182,0.8646200633184888
population_means,0.5976473600364132,0.5345090804533991,0.7582747231704845
