stat,simplicity,informativity,optimality
t-statistic,-8.311171904908177,9.619350287280868,-7.03208079719801
Two-sided p-value,9.827628859495396e-17,7.06876703747697e-22,2.0735348108275465e-12
