stat,simplicity,informativity,optimality
t-statistic,78.6084081733848,6.702815976706972,134.02727938403484
Two-sided p-value,0.0,3.91640145437837e-11,0.0
