simplicity,informativity,optimality
78.66442612577558,6.878405571966557,133.70246129074886
0.0,1.2431736645459071e-11,0.0
