simplicity,informativity,optimality
78.6644261257756,6.878405571966515,133.70246129074891
0.0,1.2431736645462409e-11,0.0
