simplicity,informativity,optimality
-8.301535734681298,9.603309351696982,-7.025192981097343
1.0656848405420676e-16,8.257077319734974e-22,2.178286810780032e-12
