simplicity,informativity,optimality
-8.30153573468141,9.603309351697497,-7.025192981097506
1.0656848405410541e-16,8.257077319693943e-22,2.1782868107774838e-12
