stat,complexity,comm_cost,optimality
t-statistic,-62.84314860703812,50.14085296235483,48.42613404089367
Two-sided p-value,0.0,0.0,0.0
