,complexity,comm_cost,optimality,N
cogsci universal true,45.14131635912263,0.8484911696021189,0.887576916108997,132122
cogsci universal false,38.57681452315412,0.9294959085922614,0.846148503006105,28699
population,43.969860901250456,0.8629467133698985,0.8801838889070775,160821
