stat,complexity,comm_cost,optimality
t-statistic,20.82368286450069,-107.30242843990658,62.91244174431107
Two-sided p-value,3.772595704289575e-96,0.0,0.0
