stat,complexity,comm_cost,optimality
t-statistic,10.078710038746292,-52.42318019812518,28.105495694850415
Two-sided p-value,7.037624941521773e-24,0.0,3.742955673191827e-173
