name,simplicity,informativity,optimality
natural_means,0.7608974358974359,0.5127939877886165,0.8883246427656086
dlsav_means,0.6380701068543133,0.623694059183699,0.8425090428416188
population_means,0.38573552490294866,0.4340006178925916,0.6179212044724216
