name,simplicity,informativity,optimality
natural_means,0.7222222222222223,0.6177530482066741,0.9073410527385151
dlsav_means,0.6571344570756565,0.520784077509271,0.8416405867017137
population_means,0.5618389355455764,0.44986206431131126,0.7589808520168224
