name,simplicity,informativity,optimality
natural_means,0.7222222222222221,0.6300396409111232,0.8830708866469122
dlsav_means,0.6374117647058823,0.6248695973512934,0.8423282222888625
population_means,0.3856938760184734,0.43401728978231896,0.6178957721690783
