name,simplicity,informativity,optimality
natural_means,0.7222222222222221,0.6300396409111232,0.885988060138572
dlsav_means,0.6347195543603535,0.510685498346577,0.81368747677351
population_means,0.45807133333333333,0.4265276824176488,0.6667529945478472
