name,simplicity,informativity,optimality
natural_means,0.70875,0.6237014304849943,0.8812723094870855
dlsav_means,0.626620756816917,0.6302210434338988,0.8413920370259912
population_means,0.377257743200857,0.4329917230028567,0.6196251673226979
