name,simplicity,informativity,optimality
natural_means,0.643421052631579,0.6264903540909695,0.839869316644226
dlsav_means,0.6187384828009828,0.4693362154665191,0.7953229639254169
population_means,0.5056272705835537,0.4430583436441725,0.7072126962938027
