name,simplicity,informativity,optimality
natural_means,0.64375,0.6134833688719952,0.8370131443899546
dlsav_means,0.6187480810561867,0.4693045957042363,0.7953191023680429
population_means,0.5056293983272541,0.44305721313764823,0.7072138094904463
