name,simplicity,informativity,optimality
natural_means,0.70875,0.6237014304849943,0.8812723094870855
dlsav_means,0.6262510483645514,0.6302373127667501,0.8412237937081649
population_means,0.37720664179622165,0.4329623240237553,0.6195848329371755
