simplicity,informativity,optimality
107.91100521985364,45.46506162770262,167.63250218961736
0.0,0.0,0.0
