simplicity,informativity,optimality
75.18361601177423,8.357749192288225,81.88406514011704
0.0,7.74002999066062e-17,0.0
