simplicity,informativity,optimality
4.544004058758135,4.290182569643714,7.015556363910484
0.00022189627304052228,0.00039511771693088256,1.1121892914932363e-06
