simplicity,informativity,optimality
12.94743594913858,5.250280611821912,15.806319689206102
7.104767627319459e-11,4.5596165229431376e-05,2.18362739476538e-12
