simplicity,informativity,optimality
8.097156927825038,5.649750001145375,13.367553663470149
1.4095526942164862e-08,6.105170604249993e-06,3.697449983072589e-13
