simplicity,informativity,optimality
108.31656813717946,45.63826393246494,168.06520046293204
0.0,0.0,0.0
