simplicity,informativity,optimality
50.57542618927291,18.804179608400826,73.6312633612114
0.0,2.5274283634954527e-76,0.0
