simplicity,informativity,optimality
75.15633138018754,8.36510035158696,81.8638078872062
0.0,7.277623799613787e-17,0.0
