simplicity,informativity,optimality
7.360903709992676,5.555643640065825,12.412427641530085
8.124745067231179e-08,7.804719355895764e-06,1.974811171853512e-12
