simplicity,informativity,optimality
12.949431869555593,5.251089972247354,15.808756322707088
7.086002569936244e-11,4.551471875434418e-05,2.177670803351549e-12
