simplicity,informativity,optimality
109.67463992683577,45.52942387044163,168.96718115801443
0.0,0.0,0.0
