simplicity,informativity,optimality
109.5297547152981,45.81700734045249,168.62277933926575
0.0,0.0,0.0
