simplicity,informativity,optimality
19.70412800029343,2.314627207165655,26.93926973917505
1.5157393238956505e-21,0.026133401933092524,2.289814811178253e-26
