simplicity,informativity,optimality
4.3008723908352335,4.636188349764909,6.884579189510935
0.0004302641530316929,0.00020526072181247817,1.9393774625470073e-06
