simplicity,informativity,optimality
16.990067271579203,7.339002112940829,22.88703431730812
1.3498630074905844e-15,8.56847909234015e-08,9.372495049873046e-19
