simplicity,informativity,optimality
33.77850108195238,21.198204546682664,56.99899926268086
1.0617278106678323e-217,4.096242298641644e-94,0.0
