simplicity,informativity,optimality
13.335998059885485,7.6194101580330615,18.771526655956684
3.9022264988366797e-13,4.357455624680411e-08,1.2199248923470556e-16
