simplicity,informativity,optimality
71.49681355885416,16.17483475866048,86.47612954658923
0.0,3.793558987886831e-56,0.0
