name,simplicity,informativity,optimality
natural_means,0.7972070431086825,0.7773058699626513,0.9442579643654383
dlsav_means,0.8630076662863547,0.5916859865480603,0.9362779518051204
deontic_priority_means,0.6578981681479156,0.5356048928024982,0.7993876885285227
epistemic_priority_means,0.6578981681479156,0.5356048928024982,0.7993876885285227
circ_priority_means,0.6578981681479156,0.5356048928024982,0.7993876885285227
dp_restricted_means,0.6578981681479156,0.5356048928024982,0.7993876885285227
population_means,0.6578981681479156,0.5356048928024982,0.7993876885285227
