name,simplicity,informativity,optimality
natural_means,0.7972070431086825,0.777736842449356,0.9310309719608229
dlsav_means,0.8628475349786825,0.5819971292187496,0.9344637655749564
deontic_priority_means,0.6578879127844826,0.5357538749409355,0.7803494752639486
epistemic_priority_means,0.6578879127844826,0.5357538749409355,0.7803494752639486
circ_priority_means,0.6578879127844826,0.5357538749409355,0.7803494752639486
dp_restricted_means,0.6578879127844826,0.5357538749409355,0.7803494752639486
population_means,0.6578879127844826,0.5357538749409355,0.7803494752639486
