name,simplicity,informativity,optimality
natural_means,0.7972070431086825,0.7606278810744755,0.9339492976824232
dlsav_means,0.8629331621084737,0.5675098748978926,0.9352421056316965
deontic_priority_means,0.6578683787588959,0.5360025723704495,0.7902007014814625
epistemic_priority_means,0.6578683787588959,0.5360025723704495,0.7902007014814625
circ_priority_means,0.6578683787588959,0.5360025723704495,0.7902007014814625
dp_restricted_means,0.6578683787588959,0.5360025723704495,0.7902007014814625
population_means,0.6578683787588959,0.5360025723704495,0.7902007014814625
