stat,simplicity,informativity,optimality
t-statistic,8.78939878120642,14.572810429026676,17.338628894769652
Two-sided p-value,2.8978689543808156e-09,5.057505379956268e-14,8.296916900330967e-16
