stat,simplicity,informativity,optimality
t-statistic,0.8925746266443634,13.733103266602901,12.668629957155673
Two-sided p-value,0.38027211827593577,1.9939981447640785e-13,1.24855056977078e-12
