stat,simplicity,informativity,optimality
t-statistic,28.771306617482626,3.6330309857393246,51.41023461451159
Two-sided p-value,5.473188544663304e-96,0.00032011936108242124,1.634396460423582e-169
