stat,simplicity,informativity,optimality
t-statistic,8.790631148507908,14.665842546418396,23.16498675421097
Two-sided p-value,2.889883229595152e-09,4.3611131933511503e-14,6.94535660744484e-19
