stat,simplicity,informativity,optimality
t-statistic,8.788751788373137,9.858353360456148,20.89465321230592
Two-sided p-value,2.9020705232110774e-09,2.85101243158264e-10,8.89334889153323e-18
