stat,simplicity,informativity,optimality
t-statistic,92.82290472264745,9.627419211903012,130.57069822966184
Two-sided p-value,0.0,7.432509516330623e-21,0.0
