stat,simplicity,informativity,optimality
t-statistic,92.99138317553688,7.737505575381444,137.82709551759848
Two-sided p-value,0.0,2.984947683180986e-14,0.0
