stat,simplicity,informativity,optimality
t-statistic,92.64980901908709,5.252386424667471,131.75304236352943
Two-sided p-value,0.0,1.9171489926950476e-07,0.0
