name,simplicity,informativity,optimality
natural_means,0.7222222222222222,0.5600370453578298,0.874467663445175
dlsav_means,0.6470633187772925,0.6608760968836234,0.8638497438628648
population_means,0.5187287968532239,0.3952021546103621,0.7118375378899403
