name,simplicity,informativity,optimality
natural_means,0.7222222222222222,0.5896776406035665,0.9064435112969996
dlsav_means,0.6520074119827053,0.7054494658339626,0.894554745690491
population_means,0.5636343333333333,0.3948437653145209,0.7515512028588492
