name,simplicity,informativity,optimality
natural_means,0.70875,0.5489289468194365,0.8652408912376126
dlsav_means,0.6368295218295218,0.6717232641241523,0.8614360003646883
population_means,0.5431105049532916,0.4070175410564451,0.732333488691482
