name,simplicity,informativity,optimality
natural_means,0.64375,0.52620420518005,0.8199156106435292
dlsav_means,0.6434671453437772,0.6623803192500749,0.8633120498026984
population_means,0.5303073298377327,0.4017783100620298,0.721942843467579
