name,simplicity,informativity,optimality
natural_means,0.643421052631579,0.5201112707389502,0.8183588563997929
dlsav_means,0.6434643012625163,0.6623892049094955,0.8633180655225625
population_means,0.5303049525303886,0.4017735394326206,0.7219403100780142
