name,simplicity,informativity,optimality
natural_means,0.7608974358974359,0.47481251470997277,0.8884478014979539
dlsav_means,0.6475881968641115,0.6598887655871128,0.8639962247903575
population_means,0.5187650124683707,0.3951898169924966,0.7118604282314518
