name,simplicity,informativity,optimality
natural_means,0.7222222222222221,0.5600370453578297,0.8767144473922854
dlsav_means,0.6344347581552306,0.6303925948414759,0.8480560936891566
population_means,0.5148105,0.3914832720333105,0.7090530537615339
