name,simplicity,informativity,optimality
natural_means,0.70875,0.5489289468194365,0.8652408912376126
dlsav_means,0.6365898184852911,0.6721059461508855,0.8614290934417204
population_means,0.5430758425496741,0.40698784409061517,0.7323056759404861
