simplicity,informativity,optimality
3.5306231141446234,3.7269313922960716,5.006054453222551
0.002388609421483884,0.0015432512820821667,9.163298993501792e-05
