simplicity,informativity,optimality
7.26618972183633,7.818224555439549,14.773246819509765
1.0229838081385486e-07,2.7144446347753785e-08,3.678917985896449e-14
