simplicity,informativity,optimality
10.471448105997316,8.721159497425646,15.292176333011549
8.054158237263216e-11,3.3773495769056843e-09,1.639479501271283e-14
