simplicity,informativity,optimality
49.180117086650796,76.22225341835517,147.19655094949917
0.0,0.0,0.0
