simplicity,informativity,optimality
6.46955308541149,5.327709174207837,8.442073605751668
3.3611909749712446e-06,3.8439706448915746e-05,7.470792202742369e-08
