simplicity,informativity,optimality
48.982073740908305,76.11644957522125,147.06647400727817
0.0,0.0,0.0
