simplicity,informativity,optimality
8.006513956624126,8.172221603953853,16.005740702122978
1.7421214646456177e-08,1.1837278146164094e-08,5.5904310356041635e-15
