simplicity,informativity,optimality
53.951108149284146,57.85969288787663,110.44915328727141
0.0,0.0,0.0
