simplicity,informativity,optimality
57.21675297899114,73.07313840645108,156.6097445865995
0.0,0.0,0.0
