simplicity,informativity,optimality
35.52539658619381,85.56726266472769,162.52749475575078
1.0276182165375468e-233,0.0,0.0
