simplicity,informativity,optimality
10.273627839510803,8.528740381158102,14.31986681358412
1.2048484520668752e-10,5.218261770766688e-09,7.59486648922717e-14
