simplicity,informativity,optimality
32.73388730941774,88.23960633946662,162.3927493591209
1.2484818567461731e-207,0.0,0.0
