simplicity,informativity,optimality
64.6394897656756,73.9108603096197,164.02165153105696
0.0,0.0,0.0
