simplicity,informativity,optimality
57.19164541986683,73.04527727852302,156.5527912029102
0.0,0.0,0.0
