simplicity,informativity,optimality
3.732129366733124,4.0486511150523175,5.342549622368884
0.0014123914198791976,0.0006856090049191987,3.720482712941955e-05
