simplicity,informativity,optimality
12.717197893625334,3.02659310424459,17.22069754950809
2.8846047954797587e-15,0.004423183364227808,1.531301629119058e-19
