simplicity,informativity,optimality
64.46254982370344,74.24151512045826,163.84784454145554
0.0,0.0,0.0
