simplicity,informativity,optimality
6.47090693076225,5.328824072594246,8.443840228878651
3.351821021707734e-06,3.834549717691789e-05,7.447088100488735e-08
