stat,complexity,comm_cost,optimality
t-statistic,20.82368286450069,-101.03837228040553,-7.3255323981021965
Two-sided p-value,3.772595704289575e-96,0.0,2.3930013170506755e-13
