stat,complexity,comm_cost,optimality
t-statistic,20.823682864500686,-71.87261136139672,-4.410371982089476
Two-sided p-value,3.7725957042898986e-96,0.0,1.0327456033013823e-05
