name,simplicity,informativity,optimality
natural_means,0.7412935323383086,0.5968847843607133,0.8915299475919178
dlsav_means,0.8436741910283294,0.47850994540047104,0.9387961993113367
deontic_priority_means,0.7180497847181252,0.384335096694238,0.8316986462811486
epistemic_priority_means,0.7180497847181252,0.384335096694238,0.8316986462811486
circ_priority_means,0.7180497847181252,0.384335096694238,0.8316986462811486
dp_restricted_means,0.7180497847181252,0.384335096694238,0.8316986462811486
population_means,0.7180497847181252,0.384335096694238,0.8316986462811486
