name,simplicity,informativity,optimality
natural_means,0.7972070431086823,0.597977631331826,0.9148730322290235
dlsav_means,0.862865638058502,0.422761353542476,0.9340642202823057
deontic_priority_means,0.6578649603044183,0.3376319271613888,0.7811360524346458
epistemic_priority_means,0.6578649603044183,0.3376319271613888,0.7811360524346458
circ_priority_means,0.6578649603044183,0.3376319271613888,0.7811360524346458
dp_restricted_means,0.6578649603044183,0.3376319271613888,0.7811360524346458
population_means,0.6578649603044183,0.3376319271613888,0.7811360524346458
