stat,simplicity,informativity,optimality
t-statistic,8.790446293412684,10.180244252340522,14.37379965793766
Two-sided p-value,2.8910796468930995e-09,1.4595942473860204e-10,6.960881087257941e-14
