stat,simplicity,informativity,optimality
t-statistic,8.79084681278565,10.008187373923668,14.260375456191062
Two-sided p-value,2.888488051670122e-09,2.0842411005663124e-10,8.363873956683881e-14
