stat,simplicity,informativity,optimality
t-statistic,27.56636429104967,8.482238958923695,52.48889360219217
Two-sided p-value,6.173864888195933e-91,5.7101234589473625e-16,2.550991254588318e-171
