stat,simplicity,informativity,optimality
t-statistic,92.74932231924214,17.439412421001844,114.56277437246301
Two-sided p-value,0.0,4.0284626033061535e-58,0.0
