stat,simplicity,informativity,optimality
t-statistic,1.1123470133154476,6.849981059559495,5.150794654952898
Two-sided p-value,0.2761685751348383,2.8527236356924474e-07,2.2582162266155792e-05
