stat,simplicity,informativity,optimality
t-statistic,92.71855318561218,17.229973566688276,115.96651067117887
Two-sided p-value,0.0,5.766634361126526e-57,0.0
