,complexity,comm_cost,optimality,N
Deontic Priority true,41.30875146530354,0.49543327596781117,0.7906831236441589,104074
Deontic Priority false,35.788480711711024,0.5874668505041449,0.800665934649879,13039
population,40.69414155559161,0.5056800101337813,0.7917945790137899,117113
