stat,complexity,comm_cost,optimality
t-statistic,20.82368286450069,-53.261954141208705,-7.3058146043522765
Two-sided p-value,3.772595704289575e-96,0.0,2.771366895227107e-13
