stat,complexity,comm_cost,optimality
t-statistic,10.07871003874629,-22.05125234534696,-2.9821662728148874
Two-sided p-value,7.037624941521924e-24,1.640631123519819e-107,0.0028628277104219206
