,complexity,comm_cost,optimality,N
Deontic Priority true,41.30875146530354,0.8319581120379994,0.877255082416705,104074
Deontic Priority false,35.788480711711024,0.9075036653400859,0.8468287443710351,13039
population,40.69414155559161,0.8403691208030889,0.8738675078367908,117113
