stat,complexity,comm_cost,optimality
t-statistic,10.07871003874629,-49.93997676904764,20.153492417365836
Two-sided p-value,7.037624941521924e-24,0.0,3.730760623032739e-90
