stat,complexity,comm_cost,optimality
t-statistic,20.823682864500693,-103.53944557745947,46.97293965496544
Two-sided p-value,3.772595704289145e-96,0.0,0.0
