bootstrap_sample_percent,low,high
1,0.6707927461333205,0.7838621394825944
3,0.6945243840691468,0.7588074285212613
10,0.7138980597073266,0.7458909022083353
31,0.716436443427711,0.7381874437501488
100,0.7220620016423476,0.7350833015959546
