bootstrap_sample_percent,low,high
1,0.2614985011337798,0.7331701438683145
3,0.35759409208633786,0.6120237267425437
10,0.43319401998977236,0.5687564343544389
31,0.4384196433055941,0.5405269014869583
100,0.4779322315199387,0.5245249798536243
