bootstrap_sample_percent,low,high
1,0.6782965990483305,0.7491483657976135
3,0.6869585646844508,0.731350512438188
10,0.6932817551447341,0.7282368218378399
31,0.7023643017695558,0.717113911132952
100,0.7054348981716065,0.713032080299102
