bootstrap_sample_percent,low,high
1,0.4132803947282405,0.7511794691434985
3,0.5581113542557179,0.7142569745930242
10,0.5787529692435092,0.6850638092683496
31,0.6098172513897149,0.6623419788502606
100,0.6137178253516733,0.6496000580270446
