bootstrap_sample_percent,low,high
1,-0.09684190092639872,0.6404029948502155
3,0.1318859745370252,0.4896263752908078
10,0.2147328953269452,0.39555698188093424
31,0.267163549830601,0.36364103333162334
100,0.2832157356249403,0.3451718595778299
