bootstrap_sample_percent,low,high
1,0.40586421499629977,0.5605405124584468
3,0.4288643326808731,0.5219115132483304
10,0.45904631903577453,0.5094558026909957
31,0.47152351836597356,0.49757071411074677
100,0.4762822746985137,0.4915511767150797
