name,simplicity,informativity,optimality
natural_means,0.7412935323383084,0.6177530482066741,0.9083125228122242
dlsav_means,0.8575516201376537,0.40559169426607683,0.9266287130722325
deontic_priority_means,0.721569545014203,0.4283556245887912,0.8447932012949143
epistemic_priority_means,0.721569545014203,0.4283556245887912,0.8447932012949143
circ_priority_means,0.721569545014203,0.4283556245887912,0.8447932012949143
dp_restricted_means,0.721569545014203,0.4283556245887912,0.8447932012949143
population_means,0.721569545014203,0.4283556245887912,0.8447932012949143
