name,simplicity,informativity,optimality
natural_means,0.7972070431086826,0.645537325806838,0.948112529921212
dlsav_means,0.8623956552348385,0.41074392016100525,0.9371975273590587
deontic_priority_means,0.6577677785271248,0.4085958324287295,0.8001154794064017
epistemic_priority_means,0.6577677785271248,0.4085958324287295,0.8001154794064017
circ_priority_means,0.6577677785271248,0.4085958324287295,0.8001154794064017
dp_restricted_means,0.6577677785271248,0.4085958324287295,0.8001154794064017
population_means,0.6577677785271248,0.4085958324287295,0.8001154794064017
