stat,simplicity,informativity,optimality
t-statistic,0.943906238750808,6.373469673445759,5.720574936120992
Two-sided p-value,0.3539069427792577,9.461428183483344e-07,5.0769637975333425e-06
