stat,simplicity,informativity,optimality
t-statistic,8.796977840110575,9.530582392838085,16.36914650604169
Two-sided p-value,2.8491129844260767e-09,5.714131702013818e-10,3.2810566470875018e-15
