stat,simplicity,informativity,optimality
t-statistic,33.970088910135644,-2.19945003122913,38.058512978714035
Two-sided p-value,6.770551306303723e-118,0.02843980027513579,1.5194565133742997e-132
