stat,simplicity,informativity,optimality
t-statistic,93.15783331765395,0.42250682668893236,132.25759533417735
Two-sided p-value,0.0,0.6727666979382957,0.0
