stat,simplicity,informativity,optimality
t-statistic,8.801044652205483,9.529460539116863,16.345259675332912
Two-sided p-value,2.823299147106009e-09,5.727881420166551e-10,3.3969926388289154e-15
