stat,simplicity,informativity,optimality
t-statistic,93.18718008528593,0.41702103099034,131.8854196303417
Two-sided p-value,0.0,0.6767729777215317,0.0
