stat,complexity,comm_cost,optimality
t-statistic,20.82368286450069,-53.26195414120841,-7.305814604352602
Two-sided p-value,3.772595704289575e-96,0.0,2.7713668952203713e-13
