bootstrap_sample_percent,low,high
1,0.19941596565653363,0.27501652077581734
3,0.2102113905885729,0.25700468455172687
10,0.22459538869794254,0.24916356707743664
31,0.22886373908117025,0.24338131046854544
100,0.2320212475759725,0.2397505405733319
