bootstrap_sample_percent,low,high
1,0.5866743888918134,0.6547426757620016
3,0.6059202685239544,0.6457395960995543
10,0.6162236964353489,0.6357050896563461
31,0.6209825368024267,0.6325880670386294
100,0.6239667738935742,0.6297949175717863
