bootstrap_sample_percent,low,high
1,0.19397577982572622,0.2703297982456513
3,0.20650119771177003,0.2605506593763276
10,0.22227208956659167,0.24985504479844384
31,0.22878616037835092,0.24448519349457642
100,0.2311309150987776,0.2403099625514998
