bootstrap_sample_percent,low,high
1,0.5786569074177446,0.6499036651668993
3,0.6006705685251301,0.637690622386275
10,0.6101723906871264,0.6297857890736269
31,0.6152894665127718,0.6261684880877466
100,0.6181432501287809,0.6238429640857486
