bootstrap_sample_percent,low,high
1,0.581798571865796,0.6525525010202634
3,0.6015466401151139,0.6367461262166749
10,0.6114207264793197,0.6315465582911437
31,0.6154078092367707,0.6261449808446904
100,0.6171024202116839,0.6235147093045788
