bootstrap_sample_percent,low,high
1,0.43581821074752325,0.5122452753701412
3,0.44370908616668103,0.4942417244138593
10,0.455249733347836,0.48090783138828375
31,0.46006648764158997,0.4722599983419168
100,0.46161016953477807,0.47047980188076466
