bootstrap_sample_percent,low,high
1,0.5906806465521874,0.6544401240280494
3,0.6057454086644973,0.6455254470860295
10,0.6164061596250585,0.6357802300165841
31,0.6209538256207201,0.6325051979206757
100,0.6239467915244172,0.6299121610327684
