bootstrap_sample_percent,low,high
1,0.46290407393258104,0.5529558050410142
3,0.4792730316901513,0.5318292955702428
10,0.4944244290715366,0.5202225774179883
31,0.5026056523609349,0.5184251115569228
100,0.5055081828234077,0.5139144674038825
