bootstrap_sample_percent,low,high
1,0.49947158880812365,0.5952000006409135
3,0.5232593440174813,0.5812375477229834
10,0.5398562762090816,0.5661896495467479
31,0.5430135098948565,0.5594437685436757
100,0.5482310427081885,0.5563681820561659
