bootstrap_sample_percent,low,high
1,0.7155979695655315,0.7622842275563944
3,0.7230008243474373,0.7540024772396314
10,0.727762887509349,0.7480777382386625
31,0.7320146589159775,0.7430859917275359
100,0.7350095393695226,0.7401493902123784
