bootstrap_sample_percent,low,high
1,0.7060183092202832,0.7591741697377635
3,0.7127044279820138,0.7484223384623105
10,0.7225352844147761,0.7387476254280143
31,0.7260543836974052,0.7366763163593779
100,0.728749439429073,0.7344565630438966
