bootstrap_sample_percent,low,high
1,0.5770607373699199,0.6775827128308436
3,0.5970891812605208,0.6567326670036322
10,0.6071862077144596,0.6418892170454544
31,0.6144899641682784,0.633412182996079
100,0.6204245969887888,0.6293527957485004
