bootstrap_sample_percent,low,high
1,0.4482928715275569,0.5468461629890768
3,0.47602052571873155,0.5296018617880354
10,0.48625911674579714,0.5139576429937165
31,0.48858618562057027,0.5054872350170221
100,0.4928296335852344,0.5022763739204181
