bootstrap_sample_percent,low,high
1,0.5531297428331747,0.62095687149413
3,0.5597446468763012,0.609299237491173
10,0.5732143608373518,0.5982722082929175
31,0.5784430107266645,0.591766908258569
100,0.5808742706916924,0.5893599378991403
