bootstrap_sample_percent,low,high
1,0.7137814448927216,0.7601330408863924
3,0.7223890431805757,0.7539252414064941
10,0.7287748366545912,0.745593853413896
31,0.732223550084038,0.7425650854718092
100,0.7347647557162424,0.739651484286098
