bootstrap_sample_percent,low,high
1,0.45754078239367324,0.5312328503832651
3,0.47645179469666654,0.520381959519791
10,0.47921196895687884,0.5100566417371262
31,0.48918456452333847,0.5042211372581293
100,0.493701633229654,0.5012345079269678
