bootstrap_sample_percent,low,high
1,0.31824674948497655,0.428424232913535
3,0.33403069437503674,0.4032188566456334
10,0.35478852364605773,0.38913454108251416
31,0.36352562490623586,0.38180028294890617
100,0.3654183075722536,0.3774679344790035
