bootstrap_sample_percent,low,high
1,0.6257242263941817,0.6826146907443899
3,0.6372620588435717,0.6701337115135684
10,0.6435641320085981,0.6675039237156397
31,0.6471093923281475,0.6606423609608509
100,0.6514926115937512,0.6580487969291141
