bootstrap_sample_percent,low,high
1,0.6222356985249397,0.6919023104053501
3,0.6418441273914683,0.6743843387779578
10,0.6470705375199676,0.6654836287895738
31,0.650165505198645,0.6603042872577214
100,0.6520151028146566,0.6580431827578366
