bootstrap_sample_percent,low,high
1,0.6000761306313016,0.6744973590289228
3,0.6270411240216149,0.6657072794496628
10,0.6315297429290772,0.6521892980513286
31,0.6399480701129412,0.6511229589629458
100,0.6420575564481135,0.6484291501008398
