bootstrap_sample_percent,low,high
1,0.5174495259521698,0.6284212977384913
3,0.5480316121603315,0.6079261899365096
10,0.5599667717690211,0.5926550475655241
31,0.5698380197543916,0.5895541982655871
100,0.5727075433441966,0.5826848787687056
