bootstrap_sample_percent,low,high
1,0.40799947663474856,0.49686415200346856
3,0.418821472686606,0.4751438724203565
10,0.43663246766141073,0.46395292972577706
31,0.4388831680008388,0.4562305302340788
100,0.4445784732256164,0.4529070197301563
