bootstrap_sample_percent,low,high
1,0.600878088566673,0.6742432721847618
3,0.626779780999885,0.6660226190359668
10,0.6315809773366661,0.6518962766196379
31,0.6401625063735016,0.6511855738898167
100,0.6421550051153962,0.6484970998478745
