bootstrap_sample_percent,low,high
1,0.39455921256445303,0.49640079163970885
3,0.4261954889987746,0.4801022392718903
10,0.4354200215448599,0.4655871750703727
31,0.441316854066244,0.4591103108018929
100,0.44354506102474733,0.4542246636411401
