stat,complexity,comm_cost,optimality
t-statistic,20.82368286450069,-105.21469611506357,-8.008712654791513
Two-sided p-value,3.772595704289575e-96,0.0,1.1684909007604994e-15
