,complexity,comm_cost,optimality,N
Deontic Priority true,41.30875146530354,0.7758706393596351,0.8423695394445391,104074
Deontic Priority false,35.788480711711024,0.8541641962007623,0.8247774160512109,13039
population,40.69414155559161,0.7845876023582042,0.8404108867166128,117113
