stat,complexity,comm_cost,optimality
t-statistic,20.82368286450069,-89.34392721801314,17.803274551611093
Two-sided p-value,3.772595704289575e-96,0.0,8.068207975104953e-71
