stat,complexity,comm_cost,optimality
t-statistic,10.07871003874629,-41.31993950766637,7.560019210110069
Two-sided p-value,7.037624941521924e-24,0.0,4.062941153740072e-14
