stat,complexity,comm_cost,optimality
t-statistic,20.82368286450069,-107.3024284399072,-8.143496022240782
Two-sided p-value,3.772595704289575e-96,0.0,3.873296462817507e-16
