stat,complexity,comm_cost,optimality
t-statistic,-62.84314860703812,32.949825603152846,-26.046213202454673
Two-sided p-value,0.0,4.6379826995274165e-231,9.200574235231539e-147
