name,complexity,comm_cost,optimality
uegaki_true,33.12788571428572,0.8877519072383517,0.9057587850444918
uegaki_false,42.02338048246715,0.8713936438991142,0.9109038773940228
population_means,40.69414155559161,0.8738380318700197,0.9101350548370325
