stat,complexity,comm_cost,optimality
t-statistic,-62.84314860703812,32.94982560315272,-15.540254322802971
Two-sided p-value,0.0,4.6379826995458875e-231,4.2588108384228675e-54
