stat,complexity,comm_cost,optimality
t-statistic,10.07871003874629,-55.999019784069205,44.59727121506206
Two-sided p-value,7.037624941521924e-24,0.0,0.0
