bootstrap_sample_percent,low,high
1,0.4064658042020576,0.4921443739395507
3,0.42756453601017586,0.4802621847713343
10,0.4404856672168447,0.46698594345646743
31,0.44615180884207817,0.4612261282110277
100,0.44828587809259807,0.4570261051174538
