bootstrap_sample_percent,low,high
1,0.40979190333092186,0.504865146574494
3,0.42431295999381147,0.4792852935021926
10,0.43714378361127526,0.4669021123739169
31,0.44423405225718415,0.46004297426989016
100,0.4478285224280333,0.457045762956784
