bootstrap_sample_percent,low,high
1,0.6772553802517449,0.7376195784049882
3,0.6866528908214914,0.7196844760090338
10,0.6945467227465031,0.7130849497995553
31,0.6996258816038576,0.7098281340639567
100,0.7017451528776588,0.7080726038694946
