bootstrap_sample_percent,low,high
1,0.5010093104263906,0.6005334705568329
3,0.5215002375753915,0.573120802904427
10,0.533451446111462,0.5597878853415127
31,0.537990727646738,0.5564621254557871
100,0.5426739125443365,0.5522094324107903
