bootstrap_sample_percent,low,high
1,0.3825950932951624,0.4745852005222834
3,0.4047937615206554,0.46348671978152634
10,0.42141948838310395,0.4531077217695112
31,0.42819520238793063,0.44531240271055283
100,0.43244929015421396,0.4435104205593856
