bootstrap_sample_percent,low,high
1,0.5458275630563783,0.6390494448562245
3,0.5621352329619571,0.6081950122889633
10,0.5730015218315438,0.5973506269256686
31,0.5765832703472458,0.5932944245880223
100,0.5801907096709522,0.5909899516819772
