bootstrap_sample_percent,low,high
1,0.49093345198085353,0.5816140918455819
3,0.5195849920588723,0.5727322639378397
10,0.5301413653550988,0.5573530624832438
31,0.5391337857531289,0.5545699620834108
100,0.541209159986966,0.5516570800330076
