bootstrap_sample_percent,low,high
1,0.5422922628356832,0.6361966507917531
3,0.5644210989436576,0.6092359522358133
10,0.5741214372798074,0.5996418002667927
31,0.5775982637181061,0.5921067676806624
100,0.5812894700944793,0.5894215917561074
