bootstrap_sample_percent,low,high
1,0.42392085710906513,0.5205755806561243
3,0.4474983710424535,0.5119530581500458
10,0.45591161301793726,0.4979235646403183
31,0.46708437215546256,0.4890946861933337
100,0.4728448995588671,0.48416338221929733
