bootstrap_sample_percent,low,high
1,0.5638571384356805,0.6431932707703594
3,0.5795764775207517,0.6224241284553043
10,0.5937985948228508,0.6190470521867414
31,0.5962218632284244,0.6120442314230793
100,0.6011845148625381,0.6096873332105968
