bootstrap_sample_percent,low,high
1,0.4214484817942139,0.5169311603023262
3,0.4483985733935577,0.5083806270291041
10,0.46121040544227176,0.49111162669291114
31,0.4665125938568455,0.48417668020708726
100,0.47066728974994776,0.48125927847381056
