bootstrap_sample_percent,low,high
1,0.6562713373052794,0.7210374660676956
3,0.6672367835880152,0.7038614430008483
10,0.6761637465966401,0.6944754448393194
31,0.6811880054355062,0.691682168923142
100,0.683336236476541,0.6900424389197954
