bootstrap_sample_percent,low,high
1,0.5614031076700132,0.6291005112462812
3,0.5769800563454781,0.6217827894962091
10,0.5839581340655948,0.61025687427293
31,0.5895348380610308,0.6028801437670837
100,0.5930029003531063,0.6004907205094299
