bootstrap_sample_percent,low,high
1,0.43019354467789844,0.5228334675238046
3,0.44868814287383013,0.501259819527702
10,0.4608212068900964,0.4874018361304038
31,0.4663059159621167,0.4839066576289637
100,0.46935152506181377,0.479610454621616
