bootstrap_sample_percent,low,high
1,0.5545669991963593,0.6287011005505038
3,0.5788200742602472,0.6203908875664539
10,0.5810026397106531,0.6097296227195212
31,0.5892921357969603,0.6030955947900258
100,0.5928803975262575,0.6002752739899266
