bootstrap_sample_percent,low,high
1,0.5524153177940818,0.6391019952152116
3,0.5719288900465472,0.6205558649904797
10,0.5831477948972781,0.6092986853790467
31,0.5900654199508504,0.6025824915089972
100,0.5919965482220715,0.6010970085945349
