bootstrap_sample_percent,low,high
1,0.270383586888743,0.3849167695044213
3,0.29664676144906843,0.35811591453912733
10,0.3144782829100239,0.35211402066459896
31,0.3204003777644584,0.3412396651319056
100,0.32754146481537383,0.3407165304708869
