bootstrap_sample_percent,low,high
1,0.383176102207356,0.48727125002765875
3,0.40980923961875104,0.46265912179220114
10,0.42367491866421214,0.4534577720061057
31,0.42586735833175887,0.44436939484370885
100,0.4311793661270827,0.4424765500993506
