bootstrap_sample_percent,low,high
1,0.2780899785805969,0.40753413359090496
3,0.3009365182099064,0.3784226196514766
10,0.3307518336272205,0.3718908814475409
31,0.33918060866003164,0.35965113095922696
100,0.3407686036127403,0.3564770623577582
