bootstrap_sample_percent,low,high
1,0.3476027852250932,0.4512564288380404
3,0.37613354053708514,0.42970420756660604
10,0.38379872456352315,0.4196626082344906
31,0.39142224517010266,0.41162318544520277
100,0.3961043813613666,0.4073504805786777
