bootstrap_sample_percent,low,high
1,0.28402063316666,0.3943992028699757
3,0.2988956101693533,0.36506543436056604
10,0.31333734964289195,0.34979363095396365
31,0.32289158390050865,0.3424885673947228
100,0.3258437862554044,0.3374177255929776
