bootstrap_sample_percent,low,high
1,0.3525602869839123,0.4505950657075643
3,0.3754587425887381,0.4298496370795051
10,0.3849901882172571,0.41988197073111466
31,0.39106771574890226,0.4116447470370317
100,0.3959965052572585,0.4071572187211951
