bootstrap_sample_percent,low,high
1,0.5085602814215011,0.5905658122014288
3,0.5340285425924726,0.5785321167529063
10,0.5460833406627119,0.5707702824129957
31,0.5519533157143444,0.5656376464991792
100,0.55479839684765,0.5628482037555942
