bootstrap_sample_percent,low,high
1,0.3784913321660309,0.473459624826678
3,0.4033753182947406,0.4598795608294551
10,0.4194641633729634,0.45052703181220854
31,0.4283742435645996,0.4446982231977721
100,0.4317947095906391,0.44159894446731013
