stat,complexity,comm_cost,optimality
t-statistic,-62.84314860703812,126.11363541453021,28.77268289611415
Two-sided p-value,0.0,0.0,6.400642648226257e-178
