name,simplicity,informativity,optimality
natural_means,0.7222222222222221,0.7495831431437856,0.8942219930482403
dlsav_means,0.6358440937350551,0.7027223558810003,0.843137873836315
population_means,0.5454683333333333,0.556040580399426,0.7306177546033263
