name,simplicity,informativity,optimality
natural_means,0.760897435897436,0.6113903434274608,0.889291910626055
dlsav_means,0.6542680254218716,0.7245230247162319,0.8636769303024745
population_means,0.5471597553652139,0.5564725914002587,0.7327201624280152
