name,simplicity,informativity,optimality
natural_means,0.70875,0.7350286744174851,0.8866082565594844
dlsav_means,0.6449775201135827,0.7402817064555623,0.8646832480091512
population_means,0.5472974651385988,0.5577193753853972,0.7362991340340216
