name,simplicity,informativity,optimality
natural_means,0.70875,0.735028674417485,0.8866082565594846
dlsav_means,0.6447374673319077,0.7402366344408853,0.8645919418607028
population_means,0.5472609972330453,0.5576793258514806,0.7362651831339085
