name,simplicity,informativity,optimality
natural_means,0.7222222222222223,0.7718621399176956,0.9168612183949072
dlsav_means,0.6457861712598426,0.7784559319407992,0.8801454385086454
population_means,0.4573452918054812,0.5442096194412941,0.6692296517169714
