name,simplicity,informativity,optimality
natural_means,0.64375,0.7081443870755504,0.839716508181781
dlsav_means,0.628088747099768,0.7055622052310845,0.8424760947511486
population_means,0.5417786993154292,0.549804226085931,0.7302484910734783
