name,simplicity,informativity,optimality
natural_means,0.70875,0.7350286744174851,0.8866082565594844
dlsav_means,0.6447374673319077,0.7402366344408854,0.8645919418607027
population_means,0.5472609972330453,0.5576793258514807,0.7362651831339085
