name,simplicity,informativity,optimality
natural_means,0.7222222222222222,0.7495831431437857,0.8948203830485381
dlsav_means,0.6537574159525379,0.7256411960561147,0.8636421882658943
population_means,0.547121726990148,0.5565049626406362,0.7327019379696308
