simplicity,informativity,optimality
44.547283307020145,42.8560496280078,92.18648585187478
0.0,0.0,0.0
