simplicity,informativity,optimality
13.372653202132263,13.70915920397646,27.039541348853586
3.6654139883560785e-13,2.0755008435828694e-13,1.454465176677693e-20
