simplicity,informativity,optimality
46.98627180636812,49.04346143433728,103.8080077948303
0.0,0.0,0.0
