simplicity,informativity,optimality
3.1725712789736598,5.530176772445674,5.92772502089284
0.005270714476238196,2.9912587834202577e-05,1.307235307046487e-05
