simplicity,informativity,optimality
11.225858735309128,1.508507584422593,19.044206488286715
1.2475452006536758e-13,0.1396948184353819,4.924853268057171e-21
