simplicity,informativity,optimality
45.7352499632762,54.002201517571265,136.67776183739892
0.0,0.0,0.0
