simplicity,informativity,optimality
6.307443015425552,6.764197823399862,10.172221962035447
4.703495948613763e-06,1.8413539198208604e-06,3.994578791627288e-09
