simplicity,informativity,optimality
6.306018650718178,6.762670313023669,10.169924841962711
4.7174747553980735e-06,1.8470522902115088e-06,4.0092118241513224e-09
