simplicity,informativity,optimality
52.88816865312783,51.53342912237273,142.06652520839813
0.0,0.0,0.0
