simplicity,informativity,optimality
45.53095768321268,53.8022275018759,136.4591855265365
0.0,0.0,0.0
