simplicity,informativity,optimality
8.923647878735522,12.427874852187076,17.286001776164195
2.148014557400992e-09,1.9205955686549156e-12,8.924815048107621e-16
