simplicity,informativity,optimality
47.007574634512515,49.05334058814899,103.83080012963066
0.0,0.0,0.0
