simplicity,informativity,optimality
53.07954483483316,51.07703761471841,142.3115647690858
0.0,0.0,0.0
