simplicity,informativity,optimality
84.86082809405772,85.83331112181133,274.3166583148246
0.0,0.0,0.0
