simplicity,informativity,optimality
3.3547349097521786,5.659420144650625,6.131018833112663
0.0033280786367671958,1.8634295848264853e-05,6.806503456806367e-06
