simplicity,informativity,optimality
6.307443015425552,6.764197823399863,10.172221962035433
4.703495948613755e-06,1.8413539198208635e-06,3.994578791627388e-09
