simplicity,informativity,optimality
8.840174169098372,12.398055652236936,17.102368347340853
2.586861253583285e-09,2.026672085493357e-12,1.152901874136146e-15
