simplicity,informativity,optimality
7.662217730285405,6.947970053824071,15.573266458983046
4.5051386333490323e-07,1.7165364743778357e-06,6.870784738623037e-12
