bootstrap_sample_percent,low,high
1,-1.0,
3,-0.5278322076292032,0.920784831130252
10,0.011367926675750118,0.7027971805668065
31,0.1546139555854514,0.5443927859463634
100,0.2751433232378372,0.4847345921921695
