bootstrap_sample_percent,low,high
1,-1.0,
3,-0.22152382981395058,0.8888005662773104
10,0.2846910614648176,0.7308250038174592
31,0.3553647608464169,0.6366934971699314
100,0.38276121438227517,0.5558391627969459
