bootstrap_sample_percent,low,high
1,-1.0,
3,-0.2780032172108696,0.8777523690617692
10,0.18345669581606142,0.7049023178391016
31,0.28328340008662856,0.6301185229536546
100,0.3955561570430749,0.5708919433764092
