bootstrap_sample_percent,low,high
1,-1.0,
3,-0.1683139692632896,0.9201713906839156
10,0.13761621391915113,0.6535452668692834
31,0.29090441026018754,0.5688513631874924
100,0.36043575356700797,0.49557383460888227
