bootstrap_sample_percent,low,high
1,-1.0,
3,0.09841055062906823,0.9093259896948225
10,0.3008221097372922,0.737971717224488
31,0.44927365640585043,0.6626362818985951
100,0.4721839816737781,0.6217372106714771
