bootstrap_sample_percent,low,high
1,-1.0,
3,0.08353562818721125,0.8489557362809595
10,0.2789124545968405,0.7279686798949353
31,0.4379312671410437,0.637185464320214
100,0.4807973187586364,0.6103781965820723
