bootstrap_sample_percent,low,high
1,-1.0,
3,-0.5230613683297268,0.7083880264719096
10,-0.07427703813281092,0.4555674754211879
31,0.03651499724636033,0.3160449840509496
100,0.13213501450011017,0.2961085873956104
