bootstrap_sample_percent,low,high
1,-1.0,
3,-0.36301073592309835,0.8065998866937949
10,-0.07970504149845731,0.4822685700561387
31,0.0914896566908997,0.3739701272402096
100,0.12807493776813583,0.336518368724512
