bootstrap_sample_percent,low,high
1,-1.0,
3,-0.40541424379407176,0.6892390053380973
10,-0.08289762127554443,0.5164446165668808
31,0.08458611744264694,0.35890772297839524
100,0.11780482535271686,0.29988261191833604
