bootstrap_sample_percent,low,high
1,0.5184416652883674,0.6824025152689109
3,0.5345900949055982,0.6414617380073402
10,0.5809674238291495,0.6276763494494402
31,0.5890454689929907,0.6194192950985575
100,0.5970073351818687,0.6102023402588244
