bootstrap_sample_percent,low,high
1,0.5109071061281689,0.6838280945687023
3,0.5639708233143177,0.643638525984533
10,0.5797117135702584,0.6283756623888483
31,0.5928285182504012,0.6169904970460742
100,0.5956128932843238,0.6104393926607791
