bootstrap_sample_percent,low,high
1,0.5388176275995278,0.6532606268790919
3,0.5736609726026092,0.6373057189514428
10,0.5786907328748738,0.6189436493963902
31,0.5895637400159492,0.6140223822627721
100,0.5974140706364757,0.6086710072603378
