bootstrap_sample_percent,low,high
1,0.34182257757697443,0.4929151804035449
3,0.3580627128417172,0.45024921072243596
10,0.38683766402885156,0.43745278043963143
31,0.39303540407923,0.4241039945287533
100,0.4032948216331289,0.4194816154109374
