bootstrap_sample_percent,low,high
1,0.5591608735386072,0.6960538697826875
3,0.5747215627361639,0.6595368879121675
10,0.594324268432922,0.6416137903542734
31,0.6032862893226406,0.6349036602717835
100,0.6124443922118042,0.6268533955996214
