bootstrap_sample_percent,low,high
1,0.4376892587300002,0.5757817751358494
3,0.4640401282427288,0.5458482427636555
10,0.4836925578789316,0.5338907399793431
31,0.4975432887816266,0.5247899317476956
100,0.5022522273611675,0.5159923963397804
