bootstrap_sample_percent,low,high
1,0.33463591955554206,0.4859006673962012
3,0.3696797842198697,0.44647329138446945
10,0.3826788616116079,0.43567386297450683
31,0.3983390956003836,0.4280682265346979
100,0.40263301769050464,0.41827084900812334
