name,simplicity,informativity,optimality
natural_means,0.7972070431086826,0.7718621399176954,0.9422585422169142
dlsav_means,0.8628075021517644,0.5786525460136571,0.9395353385672073
deontic_priority_means,0.6578991448491949,0.5358551351304741,0.784851102799904
epistemic_priority_means,0.6578991448491949,0.5358551351304741,0.784851102799904
circ_priority_means,0.6578991448491949,0.5358551351304741,0.784851102799904
dp_restricted_means,0.6578991448491949,0.5358551351304741,0.784851102799904
population_means,0.6578991448491949,0.5358551351304741,0.784851102799904
