name,simplicity,informativity,optimality
natural_means,0.7412935323383084,0.7718621399176954,0.9177303199165131
dlsav_means,0.848705191988774,0.6131225598818192,0.9400225356267726
deontic_priority_means,0.7224146379953321,0.5638585790581304,0.8375926281787724
epistemic_priority_means,0.7224146379953321,0.5638585790581304,0.8375926281787724
circ_priority_means,0.7224146379953321,0.5638585790581304,0.8375926281787724
dp_restricted_means,0.7224146379953321,0.5638585790581304,0.8375926281787724
population_means,0.7224146379953321,0.5638585790581304,0.8375926281787724
