stat,simplicity,informativity,optimality
t-statistic,93.09686419450541,8.242733442003962,145.61053761954523
Two-sided p-value,0.0,6.669754634421444e-16,0.0
