stat,simplicity,informativity,optimality
t-statistic,8.788720979190604,14.21219870742642,18.666441159150406
Two-sided p-value,2.902270753804929e-09,9.045417066669499e-14,1.3979762822572544e-16
