stat,simplicity,informativity,optimality
t-statistic,93.09708606887786,8.242526295952963,145.61074838535671
Two-sided p-value,0.0,6.680428129006111e-16,0.0
