stat,simplicity,informativity,optimality
t-statistic,8.78869017000807,14.21226347554118,18.6664146076499
Two-sided p-value,2.902470998578278e-09,9.04446324470302e-14,1.3980245219182197e-16
