stat,simplicity,informativity,optimality
t-statistic,26.467770114483905,4.886636236792726,53.41028198510001
Two-sided p-value,1.5186879148060308e-85,1.564467741880776e-06,2.5242288860384315e-170
