stat,simplicity,informativity,optimality
t-statistic,0.9034636789324185,12.525905379173585,10.13703954330257
Two-sided p-value,0.3745748440772184,1.6105185370877388e-12,1.5956257506467724e-10
