name,complexity,comm_cost,optimality
uegaki_true,33.12788571428572,0.7113555025341486,0.8099717504129782
uegaki_false,42.02338048246715,0.5991055704628665,0.799101983874141
population_means,40.69414155559161,0.6158788903440705,0.8007262349344816
