stat,complexity,comm_cost,optimality
t-statistic,-62.84314860703812,125.74322678817192,13.058153093868818
Two-sided p-value,0.0,0.0,8.668505419645857e-39
