stat,complexity,comm_cost,optimality
t-statistic,10.07871003874629,-7.626456285082395,-6.360976902970564
Two-sided p-value,7.037624941521924e-24,2.4333023829437834e-14,2.0130307463587444e-10
