stat,complexity,comm_cost,optimality
t-statistic,-62.84314860703812,112.51382372264456,26.341429746831682
Two-sided p-value,0.0,0.0,5.339459268779885e-150
