stat,complexity,comm_cost,optimality
t-statistic,-62.84314860703812,32.949825603152846,53.388147229769665
Two-sided p-value,0.0,4.6379826995274165e-231,0.0
