bootstrap_sample_percent,low,high
1,0.5546833333787093,0.618506938067447
3,0.568717633537458,0.6047693897390611
10,0.5773964512237528,0.5963795890234119
31,0.5797101791313279,0.5923544017753153
100,0.583923167760704,0.5904453073004805
