bootstrap_sample_percent,low,high
1,0.5699704746479237,0.6278403004421895
3,0.5795580334887351,0.6154448447866923
10,0.5876532726593875,0.6095638861463888
31,0.5928083398978443,0.6049119938176097
100,0.5957783357119633,0.6014987014457983
