bootstrap_sample_percent,low,high
1,0.5745246209475028,0.6372562576484369
3,0.5851698041288227,0.6220995790472372
10,0.594843915044956,0.613360298191612
31,0.5985912215136413,0.6090794591167836
100,0.6009795123789325,0.6071870366280996
