bootstrap_sample_percent,low,high
1,0.5757582683484875,0.643762052084959
3,0.6058480562952787,0.639697495199631
10,0.6105717684690731,0.6286171193875925
31,0.6117180945914158,0.6234187783611
100,0.6151624316039221,0.621979268368207
