bootstrap_sample_percent,low,high
1,0.5253687687375942,0.6112000799120492
3,0.5406487150506082,0.5946999482005355
10,0.55159573952579,0.581892881821915
31,0.5602215092516392,0.5792005955604056
100,0.5641993560979084,0.5746823595737993
