bootstrap_sample_percent,low,high
1,0.5659278342912507,0.6256306964229816
3,0.5817664991690049,0.6164385496519683
10,0.5875597262030303,0.6094748123507299
31,0.592994492046315,0.6048195923025699
100,0.5958543981063205,0.6016052881931215
