bootstrap_sample_percent,low,high
1,0.5493441671663264,0.6211105835407726
3,0.5691679667691865,0.6074418370671864
10,0.5772193387002305,0.595064274794225
31,0.5810583591779633,0.594324010060247
100,0.5843703709119139,0.5915485936229976
