bootstrap_sample_percent,low,high
1,0.54159948549512,0.6475561600838812
3,0.5835563391979853,0.6330108801484561
10,0.5924126768188687,0.6197664588013962
31,0.5974679337802189,0.6142379238571111
100,0.6018657027909261,0.6098470112598489
