bootstrap_sample_percent,low,high
1,0.712302045689293,0.7658676458158515
3,0.723807624189828,0.7567324591681011
10,0.735074688463526,0.7511052632693306
31,0.7367785392137987,0.7460910881939115
100,0.7385697118348143,0.7442143452853955
