bootstrap_sample_percent,low,high
1,0.7302459354092711,0.7955982862542108
3,0.7432856039708414,0.7812821147838171
10,0.7541061877881371,0.7756224720470336
31,0.7585031586397607,0.7716077274368602
100,0.7611358900851795,0.76815086114479
