bootstrap_sample_percent,low,high
1,0.7039931177421772,0.7629626816260096
3,0.7255793160157056,0.7511540104701735
10,0.731390526244355,0.7469388166592814
31,0.7319914738871913,0.7423084266492159
100,0.7358841061630844,0.74113497518368
