bootstrap_sample_percent,low,high
1,0.7195511970456245,0.7687288860292232
3,0.725115116235571,0.7569665056398392
10,0.7331207325187521,0.7508069743264947
31,0.7361704508292621,0.7466112993292395
100,0.7386504204075235,0.7443389311900058
