bootstrap_sample_percent,low,high
1,0.6919659283697417,0.7553536577913067
3,0.7105202611864005,0.7348419476435282
10,0.7172124335266166,0.7323684947405101
31,0.718756311730911,0.728951271440678
100,0.7216034169000878,0.7267822487378441
