bootstrap_sample_percent,low,high
1,0.7008385091262823,0.7691442747183053
3,0.7152999407874212,0.7515735583661793
10,0.7211796493225628,0.7433233330880713
31,0.7281543722377514,0.7405545978266881
100,0.7302849908264952,0.7374791380410937
