bootstrap_sample_percent,low,high
1,0.7303399461243827,0.7799796594997677
3,0.7442507412035215,0.7700683597962986
10,0.7508445500252054,0.7642429651574796
31,0.7530165742645518,0.7615859687973329
100,0.754979790967063,0.7593894523989146
