bootstrap_sample_percent,low,high
1,0.7346474023671397,0.7833622422037219
3,0.7451277487014274,0.7710757394683786
10,0.7503254254545997,0.7637657303396835
31,0.7529905426285795,0.7614700056564724
100,0.7548612519526215,0.7592094079233057
