bootstrap_sample_percent,low,high
1,0.5897894069054039,0.6628691456515903
3,0.6078122540577837,0.6469937333563551
10,0.6138947399495829,0.6388600990074125
31,0.6205308547736755,0.6336744306920683
100,0.6235123488968484,0.6301270941901508
