bootstrap_sample_percent,low,high
1,0.6066497761305316,0.6650008715084696
3,0.6163788569220261,0.6588192879452675
10,0.624742928861505,0.6449932278690667
31,0.631207240943233,0.6423369355877185
100,0.6336487890360241,0.6400146947881928
