bootstrap_sample_percent,low,high
1,0.6262318686137659,0.7169471300114345
3,0.6358584190147868,0.6875300422286259
10,0.651271489386192,0.6806179656335551
31,0.659023716865833,0.6737912314297393
100,0.662186585139686,0.6722081908880992
