bootstrap_sample_percent,low,high
1,0.520708158034252,0.6103358789450699
3,0.5417002116706526,0.5985143065122596
10,0.5520024518902783,0.5863696992525154
31,0.5607554274345872,0.579125090525382
100,0.5654983193601615,0.5735318006690361
