bootstrap_sample_percent,low,high
1,0.5918906245557476,0.6615449201763632
3,0.6017100013090007,0.6509895686530045
10,0.612459117366154,0.634903395520563
31,0.6215604595824904,0.6313496635639161
100,0.6230166449207057,0.6306837328521547
