bootstrap_sample_percent,low,high
1,0.6369374865766775,0.6925912534379179
3,0.6490315485139594,0.677460448032544
10,0.6546770129124433,0.672384485119883
31,0.6582720887643745,0.6688353638010806
100,0.6600742933309803,0.6656871118236433
