bootstrap_sample_percent,low,high
1,0.6108956576553578,0.6733850927646846
3,0.6213849230021199,0.6566758016003369
10,0.626916351213623,0.6497977404486777
31,0.6315070439021514,0.643170577720606
100,0.6336079149524549,0.6401762219031257
