bootstrap_sample_percent,low,high
1,0.6364828979846984,0.692953932987596
3,0.6493966751617681,0.6772880395342749
10,0.6546682358839804,0.6729126383347956
31,0.6583364688963165,0.6690192189945232
100,0.6602618118174584,0.6657985518369798
