stat,complexity,comm_cost,optimality
t-statistic,20.823682864500686,-104.45311696327902,-7.932511030320617
Two-sided p-value,3.7725957042898986e-96,0.0,2.1642434197791292e-15
