name,simplicity,complexity,informativity,optimality
natural_means,0.8136363636363637,16.4,0.7462962962962962,0.9571123506990625
dlsav_means,0.8136363636363637,16.4,0.7462962962962962,0.9571123506990625
population_means,0.6346837006144117,32.14783434593177,0.532525792248229,0.7839401098396169
