name,simplicity,complexity,informativity,optimality
natural_means,0.7783599999999999,16.4,0.7463,0.9522999999999999
population_means,0.6715275298682732,24.30695394669662,0.5146951598080262,0.812740886347391
