name,simplicity,informativity,optimality
natural_means,0.7950000000000002,0.7462962962962962,0.9520141238192213
dlsav_means,0.7950000000000002,0.7462962962962962,0.9520141238192213
population_means,0.4247706098871101,0.5339807282645904,0.6591688446659898
