name,simplicity,complexity,informativity,optimality
natural_means,0.7897435897435898,16.4,0.7462962962962963,0.9530790471103391
dlsav_means,0.7897435897435898,16.4,0.7462962962962963,0.9530790471103391
population_means,0.5566364787950735,34.582354653984275,0.5338036536164105,0.7375673257799951
