name,simplicity,complexity,informativity,optimality
natural_means,0.7783783783783783,16.4,0.7462962962962962,0.9490989977704757
dlsav_means,0.7783783783783783,16.4,0.7462962962962962,0.9490989977704757
population_means,0.5465660720940874,33.55411066503753,0.5618089345138814,0.7541535782552472
