name,simplicity,informativity,optimality
natural_means,0.7783783783783784,0.7462962962962962,0.9059055775614716
population_means,0.7561818716595016,0.5471230784578477,-0.37585422882997943
