name,simplicity,complexity,informativity,optimality
natural_means,0.8,17.2,0.7462962962962962,0.9585451933708944
dlsav_means,0.8,17.2,0.7462962962962962,0.9585451933708944
population_means,0.6381353120381262,31.12036316472114,0.5809436099330446,0.8073245230468736
