name,simplicity,informativity,optimality
natural_means,0.80625,0.7037037037037036,0.942288028081137
dlsav_means,0.6445262823230182,0.7689151476614384,0.8792649442339333
population_means,0.4067934289179904,0.5306959140320302,0.6494175900123649
