name,simplicity,complexity,informativity,optimality
natural_means,0.7783783783783784,16.4,0.7464,0.9516
population_means,0.6574544821271073,25.348368322594055,0.5686445645395967,0.8194726668052379
