name,simplicity,informativity,optimality
natural_means,0.7949999999999999,0.7462962962962962,0.9520141238192211
dlsav_means,0.7949999999999999,0.7462962962962962,0.9520141238192211
population_means,0.40714068235864515,0.516595707263163,0.6454225355352095
