name,simplicity,informativity,optimality
natural_means,0.8062499999999999,0.7037037037037037,0.941717634769694
dlsav_means,0.6469479353680432,0.7709188921304608,0.8806695241105549
population_means,0.4710535672896606,0.5545037963800036,0.6965727948426056
