name,simplicity,complexity,informativity,optimality
natural_means,0.7722222222222224,16.4,0.7462962962962962,0.9499248326671322
dlsav_means,0.75,18.0,0.6666666666666666,0.911401728851052
population_means,0.746943359026514,18.220078150091,0.48865363080676166,0.8538969210564314
