name,simplicity,complexity,informativity,optimality
natural_means,0.7722222222222224,16.4,0.7462962962962962,0.9490632545803791
dlsav_means,0.75,18.0,0.6666666666666667,0.9114017288510521
population_means,0.7160371306671525,20.445326591965017,0.4934113900839683,0.8324621716720442
