name,simplicity,complexity,informativity,optimality
natural_means,0.7657200000000001,16.4,0.7463,0.9487
population_means,0.6610559589041095,23.726027397260275,0.5262203196347032,0.8119157762557078
