name,simplicity,complexity,informativity,optimality
natural_means,0.7722222222222224,16.4,0.7462962962962962,0.9529926467493528
dlsav_means,0.75,18.0,0.6666666666666666,0.911401728851052
population_means,0.6619050016784156,24.342839879154077,0.5615911474234989,0.8289010537158072
