name,simplicity,informativity,optimality
natural_means,0.80625,0.7037037037037037,0.942288028081137
dlsav_means,0.6477888400092614,0.7694871605224117,0.8808020687428076
population_means,0.44806501654085873,0.5420367491541398,0.6780247929886166
