name,simplicity,complexity,informativity,optimality
natural_means,0.7783783783783783,16.4,0.7464000000000001,0.9507999999999999
population_means,0.6565223681926037,25.417344753747322,0.5708661670235545,0.8203010706638115
