name,simplicity,complexity,informativity,optimality
natural_means,0.77836,16.4,0.7463,0.9522999999999999
population_means,0.6715275298682732,24.30695394669662,0.5146951393852752,0.8127408965587665
