name,simplicity,complexity,informativity,optimality
natural_means,0.7722222222222223,16.4,0.7462962962962962,0.9543691786965374
dlsav_means,0.75,18.0,0.6666666666666666,0.911401728851052
population_means,0.6780531644734673,23.18017215791036,0.5177827158465268,0.8254427253344417
