name,simplicity,complexity,informativity,optimality
natural_means,0.7783783783783783,16.4,0.7462962962962962,0.9468219748465803
dlsav_means,0.7783783783783783,16.4,0.7462962962962962,0.9468219748465803
population_means,0.5655018454577925,32.15286343612335,0.5672452680319557,0.7603042597289852
