name,simplicity,complexity,informativity,optimality
natural_means,0.8136363636363635,16.4,0.7462962962962962,0.9571123506990628
dlsav_means,0.8136363636363635,16.4,0.7462962962962962,0.9571123506990628
population_means,0.5169868288955153,42.50515905719466,0.5308022742587257,0.7082553406209918
