name,simplicity,complexity,informativity,optimality
natural_means,0.7897435897435897,16.4,0.7462962962962962,0.9552175460299974
dlsav_means,0.7897435897435897,16.4,0.7462962962962962,0.9552175460299974
population_means,0.5566432547707342,34.58182612788274,0.5315026874621057,0.7374867025082252
