name,simplicity,informativity,optimality
natural_means,0.7783783783783783,0.7462962962962962,0.9486833755417914
dlsav_means,0.7783783783783783,0.7462962962962962,0.9486833755417914
population_means,0.5567781552071056,0.5615568065189422,0.7529562460576056
