name,simplicity,complexity,informativity,optimality
natural_means,0.7783783783783784,16.4,0.7462962962962962,0.9472375970752648
dlsav_means,0.7783783783783784,16.4,0.7462962962962962,0.9472375970752648
population_means,0.5659078939441347,32.12281584813403,0.5687323692999566,0.7611407719818506
