name,simplicity,informativity,optimality
natural_means,0.7949999999999999,0.7462962962962963,0.9511339534544672
dlsav_means,0.6791703769664589,0.6118918314772673,0.8391202565104947
population_means,0.5413661322971683,0.5327167501358688,0.7294458755586641
