name,simplicity,informativity,optimality
natural_means,0.8249999999999998,0.7716049382716049,0.9768484251312305
dlsav_means,0.6369727534713127,0.7714691341852725,0.8785285242718613
population_means,0.530969373750049,0.5521452109049032,0.7318388265391498
