name,simplicity,complexity,informativity,optimality
natural_means,0.7783599999999999,16.4,0.7463,0.9448000000000001
population_means,0.6717453948054658,24.290810472514863,0.5134822780849067,0.8085938979868571
