name,simplicity,complexity,informativity,optimality
natural_means,0.76572,16.4,0.7463,0.9425800000000001
population_means,0.7123617622610141,20.134663341645886,0.5213915766140205,0.840221778886118
