name,simplicity,complexity,informativity,optimality
natural_means,0.7722222222222224,16.4,0.7462962962962962,0.9493749221151315
population_means,0.7469574332214016,18.219064808059088,0.48988301040894655,0.8534246045553046
