name,simplicity,informativity,optimality
natural_means,0.7783783783783784,0.7462962962962962,0.9491057844071585
dlsav_means,0.7783783783783784,0.7462962962962962,0.9491057844071585
population_means,0.5499885331461571,0.5612406874117656,0.7698582409349382
