name,simplicity,complexity,informativity,optimality
natural_means,0.8045454545454545,17.2,0.7462962962962962,0.9554600413020529
dlsav_means,0.8045454545454545,17.2,0.7462962962962962,0.9554600413020529
population_means,0.5172205889108366,42.48458817584639,0.5339657707634584,0.7066360241126362
