name,simplicity,complexity,informativity,optimality
natural_means,0.7783783783783784,16.4,0.7462962962962962,0.947418348511474
dlsav_means,0.7783783783783784,16.4,0.7462962962962962,0.947418348511474
population_means,0.5902177675778245,30.323885199240987,0.5714372664948595,0.7772491516962173
