name,simplicity,complexity,informativity,optimality
natural_means,0.7722222222222221,16.4,0.7462962962962962,0.9543691786965376
dlsav_means,0.75,18.0,0.6666666666666666,0.911401728851052
population_means,0.746468074072087,18.25429866680973,0.4887385896036432,0.8547762669988275
