name,simplicity,informativity,optimality
natural_means,0.795,0.7436340586687207,0.9328316480037693
dlsav_means,0.6378775897517002,0.715880973345589,0.847999554435874
population_means,0.5200669766059526,0.5546645453823286,0.7168945815342279
