name,simplicity,complexity,informativity,optimality
natural_means,0.7722222222222221,16.4,0.7462962962962962,0.9522591995164221
dlsav_means,0.75,18.0,0.6666666666666666,0.917237645974277
population_means,0.7168071537838053,20.389884927566012,0.49416720429345806,0.8328863653646291
