name,simplicity,informativity,optimality
natural_means,0.7949999999999999,0.7462962962962963,0.9533409651041614
dlsav_means,0.6449328859060403,0.7728003562846962,0.8803803486313223
population_means,0.5468494997516498,0.5713944561726163,0.7472396143904966
