name,simplicity,informativity,optimality
natural_means,0.7897435897435898,0.7462962962962962,0.9513978110412642
dlsav_means,0.7897435897435898,0.7462962962962962,0.9513978110412642
population_means,0.5437741632923844,0.5858466344348726,0.7504439468762479
