name,simplicity,informativity,optimality
natural_means,0.8062499999999999,0.9659722222222222,0.8628672038866154
dlsav_means,0.6469479353680432,1.1539898845827095,0.735540107085459
population_means,0.4710535672896606,0.9309710920732411,0.6288482349690222
