name,simplicity,informativity,optimality
natural_means,0.795,0.7436340586687207,0.9342200545216868
dlsav_means,0.6373703940022332,0.7127928006853442,0.8473513418755035
population_means,0.5479535014375889,0.5632631794184135,0.7377660930346257
