name,simplicity,complexity,informativity,optimality
natural_means,0.7783599999999999,16.4,0.7463,0.9497199999999999
population_means,0.6714672022780432,24.311400386453776,0.5159853656056138,0.8137679243364182
