name,simplicity,complexity,informativity,optimality
natural_means,0.7657200000000001,16.4,0.7463,0.9517
population_means,0.6663657423580785,23.354366812227074,0.5302558296943232,0.818742096069869
