name,simplicity,complexity,informativity,optimality
natural_means,0.7783599999999999,16.4,0.7463,0.9551400000000001
population_means,0.6715597874493927,24.304554655870444,0.514832914979757,0.8135132894736842
