name,simplicity,complexity,informativity,optimality
natural_means,0.7783783783783784,16.4,0.7462962962962963,0.9481379372689455
dlsav_means,0.7783783783783784,16.4,0.7462962962962963,0.9481379372689455
population_means,0.5668105137651772,32.05602198137689,0.5612161678484806,0.7683109175745013
