name,simplicity,complexity,informativity,optimality
natural_means,0.7657142857142858,16.4,0.7462962962962962,0.9513189780964367
dlsav_means,0.7657142857142858,16.4,0.7462962962962962,0.9513189780964367
population_means,0.6168841148802134,26.818111958385057,0.5608027260572653,0.8023636693350547
