name,simplicity,informativity,optimality
natural_means,0.7875000000000001,0.7384259259259258,0.9494269429549697
dlsav_means,0.6466622749231444,0.7710976512305014,0.8806310617430786
population_means,0.5278949625275854,0.5662846028455074,0.7341322948716315
