name,simplicity,complexity,informativity,optimality
natural_means,0.7722222222222221,16.4,0.7462962962962962,0.9522801783755488
dlsav_means,0.75,18.0,0.6666666666666666,0.9091228038887458
population_means,0.6810680606806068,22.96309963099631,0.5251184162177397,0.8320101363164003
