name,simplicity,informativity,optimality
natural_means,0.8062499999999999,0.7037037037037037,0.9395292635190193
dlsav_means,0.8062499999999999,0.7037037037037037,0.9395292635190193
population_means,0.45774113426245344,0.5472728321078674,0.6857726428703695
