,name,sav,iff,dlsav,simplicity,informativity,optimality,Language,comm_cost,complexity
0,javanese,1.0,1.0,False,,0.9166666666666665,0.9999858332235515,natural,0.08333333333333348,20
1,sampled_lang_6850,0.5,1.0,False,,0.4791666666666667,0.999955675881197,artificial,0.5208333333333333,3
2,sampled_lang_1513,1.0,1.0,True,,0.7569444444444445,0.9999947739088989,artificial,0.24305555555555547,12
3,sampled_lang_4618,0.0,1.0,False,,0.41666666666666663,0.999961302293022,artificial,0.5833333333333334,1
4,sampled_lang_1987,1.0,1.0,True,,0.8749999999999999,0.9999705313237154,artificial,0.1250000000000001,18
5,sampled_lang_942,1.0,1.0,False,,0.75,0.999962724745324,artificial,0.25,6
6,sampled_lang_1457,1.0,1.0,True,,0.8333333333333333,0.9999749147627144,artificial,0.16666666666666674,14
7,sampled_lang_16405,1.0,1.0,False,,0.6666666666666666,0.9999527209399434,artificial,0.33333333333333337,4
