,name,sav,iff,dlsav,simplicity,informativity,optimality,Language,comm_cost,complexity
0,sampled_lang_62,0.5,1.0,False,,0.4791666666666667,0.999955675881197,artificial,0.5208333333333333,3
1,javanese,1.0,1.0,False,,0.9166666666666666,0.9999858332235514,natural,0.08333333333333337,20
2,sampled_lang_478,1.0,1.0,True,,0.7569444444444444,0.9999947739088988,artificial,0.24305555555555558,12
3,sampled_lang_407,1.0,1.0,False,,0.75,0.999962724745324,artificial,0.25,6
4,sampled_lang_62,0.0,1.0,False,,0.4166666666666667,0.9999613022930222,artificial,0.5833333333333333,1
5,sampled_lang_401,1.0,1.0,False,,0.6666666666666666,0.9999527209399434,artificial,0.33333333333333337,4
6,sampled_lang_423,1.0,1.0,True,,0.8333333333333333,0.9999749147627144,artificial,0.16666666666666674,14
7,sampled_lang_453,1.0,1.0,True,,0.875,0.9999705313237153,artificial,0.125,18
