simplicity,complexity,informativity,optimality
10.721319165648458,-10.721319165648456,2.608151016857782,6.89477270906916
0.0004289245058284452,0.0004289245058284456,0.05953555827052626,0.002320036282049029
