simplicity,complexity,informativity,optimality
9.845539647577096,-9.845539647577093,2.5312960027464837,6.652323705957647
0.0005968974504707548,0.0005968974504707554,0.06457557300813872,0.0026516058345210317
