simplicity,complexity,informativity,optimality
6.511319973990663,-6.511319973990662,2.622376075875045,4.857534070398917
0.0028714054449478685,0.002871405444947871,0.058653011750450075,0.0082940705943092
