simplicity,complexity,informativity,optimality
11.363971658740176,-11.363971658740175,3.004069746164956,7.912684931125924
0.00034192982938056367,0.000341929829380564,0.03978204870308709,0.0013802951292891988
