simplicity,informativity,optimality
10.563030341990235,2.616184489952583,6.448997487192201
0.00045444777321412816,0.05903528752120112,0.0029756805601455845
