simplicity,complexity,informativity,optimality
4.57897984055788,-4.5787671232876725,3.1112168269291156,4.483408278630959
0.010191311616133566,0.010192950838972176,0.035829670020835,0.010961121743601783
