simplicity,informativity,optimality
20.371039345848427,5.8447910232100915,35.55736127022121
0.0024010835050416986,0.028046973695571544,0.0007899981538457918
