simplicity,informativity,optimality
49.614847468119606,81.50190076099318,213.21227794857853
0.0,0.0,0.0
