simplicity,complexity,informativity,optimality
9.785013738360556,-9.785013738360556,2.6165311300871528,6.286249102652421
0.0006113016767964668,0.0006113016767964668,0.059013810040227876,0.0032707877921069346
