simplicity,informativity,optimality
12.40752501241751,2.4726377338892314,7.7863487730919365
0.00024256811994266916,0.06875184184323342,0.0014672622608586038
