simplicity,complexity,informativity,optimality
0.1271493334048665,-0.12714933340486567,1.067568462378141,0.7371849315875396
0.9194862527403049,0.9194862527403055,0.47920256748836754,0.5955879963373866
