simplicity,informativity,optimality
19.39296588206774,3.2473434444044553,11.830951049752738
4.1678761672073e-05,0.03145463553737202,0.0002921902802851129
