simplicity,informativity,optimality
1.0265884357480546,2.8157691975066323,23.782861660812816
