simplicity,informativity,optimality
99.4404929359904,91.54484302319132,314.0941986309736
0.0,0.0,0.0
