simplicity,complexity,informativity,optimality
1.2226632959825108,-1.2226632959825086,1.0395316594961905,1.0276834864574529
0.43643639294791114,0.4364363929479117,0.48766212573938583,0.49130891972541285
