simplicity,informativity,optimality
60.60226642465928,84.36648131526769,229.58106633066697
0.0,0.0,0.0
