simplicity,complexity,informativity,optimality
2.493678079728755,-2.4936780797287583,3.56442165649372,3.8649215826513195
0.06721936534247604,0.0672193653424758,0.02349277515624636,0.018071378071452
