simplicity,informativity,optimality
13.746651169702375,4.281034842125649,11.379062444412911
0.0001622540162910401,0.012837106559635662,0.0003401647844546419
