simplicity,complexity,informativity,optimality
13.63253631154191,-13.632536311541923,3.001777849322602,10.88230866648016
0.00016765790511481967,0.00016765790511481907,0.03987201569522824,0.00040476767455009633
