simplicity,complexity,informativity,optimality
4.578979840557884,-4.5787671232876725,3.111216504171707,4.483408278630959
0.010191311616133535,0.010192950838972176,0.035829681212597296,0.010961121743601783
