simplicity,complexity,informativity,optimality
4.940800528184125,-4.941846216685389,3.2741451244742663,4.873862679126877
0.007812314838341031,0.007806484679636721,0.030669221705708762,0.008196808215469524
