simplicity,complexity,informativity,optimality
4.930724685180341,-4.93175654532179,3.2912916486758053,4.7480972195497495
0.007868764533339128,0.007862960781215402,0.030178895745896515,0.008983471392941037
