simplicity,informativity,optimality
45.997348033162034,73.49609206596837,208.96807009863085
0.0,0.0,0.0
