simplicity,complexity,informativity,optimality
4.9408005281841305,-4.941846216685388,3.2741457018979174,4.873861965897381
0.007812314838340998,0.007806484679636724,0.030669205035762263,0.008196812433460925
