simplicity,complexity,informativity,optimality
6.511319973990667,-6.511319973990662,2.622376075875045,4.857534070398914
0.0028714054449478638,0.002871405444947871,0.058653011750450075,0.008294070594309224
