simplicity,complexity,informativity,optimality
11.363641329926711,-11.363641329926715,3.0365991680024425,7.87129004179647
0.00034196859244814106,0.0003419685924481408,0.03853040436227438,0.0014080703795648721
