simplicity,complexity,informativity,optimality
7.505356820254372,-7.505356820254366,2.3376385943830447,6.176595576167399
0.0016863163890317538,0.0016863163890317601,0.07958370920456062,0.0034900600190242138
