simplicity,complexity,informativity,optimality
2.5900860789551756,-2.5900860789551796,0.8933037049208392,1.1190669365681478
0.2345661571658273,0.23456615716582696,0.5358385194199728,0.46426693990674617
