simplicity,complexity,informativity,optimality
4.964274924471302,-4.964274924471299,2.6112299357373825,4.126450669967366
0.007682701345473371,0.007682701345473384,0.059343250481533744,0.014535842463549843
