simplicity,complexity,informativity,optimality
4.10193726937269,-4.101937269372695,3.126855451018336,4.03102724154863
0.014829526707651164,0.014829526707651102,0.03529218368616542,0.015720197637574384
