simplicity,complexity,informativity,optimality
1.1369155050369328,-1.1369155050369306,3.624988540470755,3.2048607190172818
0.31906063161276926,0.31906063161277,0.022258509668697316,0.03274877277811983
