simplicity,informativity,optimality
12.352324928120558,4.086235949632452,10.816641128609444
0.0002468397925393059,0.015021395002246293,0.00041441162461572703
