simplicity,complexity,informativity,optimality
9.826759905083776,-9.82675990508377,2.510272423424657,6.602269471427781
0.0006013212124132759,0.000601321212413277,0.06603816505083489,0.0027271779610148704
