simplicity,informativity,optimality
10.249010321671363,2.6117154230047697,6.957232225847599
0.000510917887711064,0.05931299235335745,0.002243039000025291
