simplicity,complexity,informativity,optimality
5.592730201621288,-5.592730201621286,2.5124198487087774,4.5662795719028
0.005015677627509585,0.0050156776275095925,0.0658870479698576,0.010289744177007426
