simplicity,informativity,optimality
16.32527171983115,2.145607980417545,8.302540094014255
0.0005000967966061511,0.12120928886978993,0.0036610806864129375
