simplicity,complexity,informativity,optimality
4.3466804649664414,-4.346479257641922,3.0541677309749065,4.17083351913236
0.012188803488773369,0.012190729282674057,0.03787362173181991,0.014021738387336662
