simplicity,complexity,informativity,optimality
4.943590565607251,-4.944625241533611,3.2559060646874323,4.628550642019464
0.0077967709784292315,0.007791016165890675,0.03120115615684566,0.009817881526904368
