simplicity,informativity,optimality
18.511469505644506,3.0015663908172057,11.300499737140813
5.011704441896117e-05,0.03988032835863906,0.0003494795072709148
