simplicity,informativity,optimality
74.04847411378124,61.85311575703037,146.90225944829217
0.0,0.0,0.0
