simplicity,complexity,informativity,optimality
4.939308675813432,-4.940346659919029,3.2721979993786285,4.780969939508826
0.007820641732315385,0.007814846997353415,0.03072549521325924,0.008769303121288485
