simplicity,complexity,informativity,optimality
5.635840471092078,-5.635840471092078,2.481019412698597,4.536959866719466
0.004878074548945449,0.004878074548945449,0.06813663776100899,0.01052142288862966
