simplicity,complexity,informativity,optimality
4.940800528184125,-4.941846216685388,3.2741451244742654,4.873862679126877
0.007812314838341031,0.007806484679636724,0.030669221705708804,0.008196808215469524
