simplicity,complexity,informativity,optimality
16.315724410746643,-16.31572441074666,3.046501111371174,10.659845891348484
8.258992576603018e-05,8.25899257660299e-05,0.038158603481524785,0.0004386197205511308
