simplicity,informativity,optimality
10.845944735397373,1.8968454611263228,6.3703384913893455
0.0016770073147891376,0.15411007734723153,0.00782957544640488
