simplicity,informativity,optimality
15.701674710437203,0.1983132955882086,3.141777790628135
0.0005614710524140402,0.8554780872914297,0.051592453964006725
