simplicity,complexity,informativity,optimality
1.158936666756079,-1.158936666756083,3.641167547304759,3.259057294501837
0.3109558569650184,0.31095585696501676,0.021941994182235722,0.031108477905723644
