simplicity,informativity,optimality
61.40311887625994,30.16456007543465,70.13780438422255
0.0,3.7666633600192325e-177,0.0
