simplicity,informativity,optimality
15.701674710437203,2.0464279752808703,7.98487285848078
0.0005614710524140402,0.13322051915702401,0.004098952945148022
