simplicity,complexity,informativity,optimality
8.702428249525619,-8.702428249525617,2.4720325120224764,6.267656985807988
0.0009600506451363355,0.0009600506451363362,0.0687965087486883,0.003306747497622593
