simplicity,informativity,optimality
16.778532071368573,2.2174261660290937,8.529601266914852
0.00046098088052553133,0.11331447310105909,0.00338533630619195
