simplicity,complexity,informativity,optimality
1.1375488438068764,-1.1375488438068748,3.642368634307884,3.194162173865203
0.3188248382038992,0.3188248382038998,0.02191871176345427,0.03308451219693817
