simplicity,informativity,optimality
88.20578914537431,88.57274265244405,286.6908719998241
0.0,0.0,0.0
