simplicity,complexity,informativity,optimality
2.334386216854223,-2.33416458852868,3.1794796784287556,3.369235988942009
0.07986752353117033,0.079886905151446,0.03355190120522722,0.02806357410857034
