simplicity,informativity,optimality
11.991009539496272,2.268323123574788,7.50783217793589
0.0002772397537899442,0.08588659527891199,0.0016842166043583725
