simplicity,informativity,optimality
18.711825449217805,2.3729772161150753,9.452953448930257
0.00033317689074976146,0.09823913828712172,0.0025092429159202963
