simplicity,complexity,informativity,optimality
4.2376075986939705,-4.237607598693975,3.230562361874962,4.218961883144234
0.01328893841104977,0.013288938411049729,0.031958491345504596,0.013488813463924394
