simplicity,informativity,optimality
88.20578914537431,42.43658985217154,37.76000656852648
0.0,0.0,5.89611071257903e-271
