simplicity,complexity,informativity,optimality
3.1714199395770373,-3.1714199395770386,0.6304531154590064,1.0740443003223292
0.19445451104659545,0.1944545110465954,0.6418943435429428,0.4772820403364
