simplicity,complexity,informativity,optimality
2.4815498154981555,-2.4815498154981555,0.8492895026935618,1.034594731200114
0.2438683566876645,0.2438683566876645,0.551767834383382,0.4891764352357916
