simplicity,informativity,optimality
123.25863994400721,98.22985311055145,370.7753565546606
0.0,0.0,0.0
