simplicity,complexity,informativity,optimality
4.940800528184125,-4.941846216685389,3.2741452688301793,4.873862322512127
0.007812314838341031,0.007806484679636721,0.030669217538221136,0.008196810324464905
