simplicity,complexity,informativity,optimality
9.842396466207354,-9.842396466207356,3.022135240704123,7.4178718117767755
0.000597635036919101,0.0005976350369191005,0.039081156591255765,0.0017626499407383364
