simplicity,complexity,informativity,optimality
2.528329119978144,-2.5283291199781366,3.5751068198566247,3.9032708061066783
0.06477971558207529,0.06477971558207579,0.02326921323576144,0.01749301499722647
