simplicity,informativity,optimality
56.15970379291158,55.389656806673386,118.28844387846895
0.0,0.0,0.0
