simplicity,informativity,optimality
12.681693385141582,3.019435613997921,8.39283247163912
0.0002226643255388928,0.03918497034866236,0.0011027888269419602
