,complexity,comm_cost,optimality,N
Deontic Priority true,41.30875146530354,0.8381900534467067,0.8833432970059597,104074
Deontic Priority false,35.788480711711024,0.9134302730222328,0.8510875307569566,13039
population,40.69414155559161,0.846567067296965,0.8797520395356467,117113
