stat,complexity,comm_cost,optimality
t-statistic,20.823682864500686,-105.21469611506303,53.39195838070528
Two-sided p-value,3.7725957042898986e-96,0.0,0.0
