stat,complexity,comm_cost,optimality
t-statistic,10.07871003874629,-51.03174423654534,23.24834081647281
Two-sided p-value,7.037624941521924e-24,0.0,2.983153400882996e-119
