stat,complexity,comm_cost,optimality
t-statistic,20.823682864500686,-102.4249330360832,-7.6302304684831075
Two-sided p-value,3.7725957042898986e-96,0.0,2.3589334327267268e-14
