name,simplicity,informativity,optimality
natural_means,0.41333333333333333,0.37544571524286535,0.8394302071645421
dlsav_means,0.3917355371900827,0.3671283183395905,0.826377827076396
deontic_priority_means,0.338494623655914,0.34116081944294424,0.7940738657428992
epistemic_priority_means,0.3462983425414365,0.3227371160850977,0.780470267288528
circ_priority_means,0.3341614906832298,0.35535893593665996,0.8049968632095645
dp_restricted_means,0.39217391304347815,0.3466388845850523,0.8103218794936713
population_means,0.3365034965034965,0.33527472874334524,0.7890463424358052
