name,simplicity,informativity,optimality
natural_means,0.3866666666666667,0.3975611181024616,0.8319705906617892
dlsav_means,0.3757377049180328,0.3846157319990312,0.8187502943748046
deontic_priority_means,0.3055,0.37473143017536265,0.7936566482545293
epistemic_priority_means,0.31148387096774194,0.3429968091114923,0.7711030210620367
circ_priority_means,0.3012949640287769,0.37965962744619347,0.7967005184003039
dp_restricted_means,0.3641025641025641,0.38654725836831555,0.8186761326376386
population_means,0.30073469387755103,0.36112290581910095,0.7819963747343209
