name,simplicity,informativity,optimality
natural_means,0.6859903381642511,0.26893136026221925,0.9039797758092748
dlsav_means,0.6053020701309674,0.3192694374734391,0.9166499910282007
deontic_priority_means,0.5760467524781772,0.31689980446262717,0.9119552198874367
epistemic_priority_means,0.5728834169326645,0.28497153554552784,0.8884565061688598
circ_priority_means,0.5761244319072246,0.291691314497504,0.894615367625135
dp_restricted_means,0.6296903460837887,0.2835833679996015,0.9033548263445419
population_means,0.5769618628529519,0.28756459127450684,0.8920303292628099
