name,simplicity,informativity,optimality
natural_means,0.631578947368421,0.39962429169746244,0.9400567497494139
dlsav_means,0.5847198641765706,0.3547633097298714,0.8897305533825426
deontic_priority_means,0.5341057868551977,0.37214431353947186,0.8703583894047319
epistemic_priority_means,0.5380639097744361,0.34344648890598367,0.8569820159609403
circ_priority_means,0.5349921124336727,0.3523597106171706,0.8601211954881866
dp_restricted_means,0.5786760716223548,0.38060260640094684,0.9003268477812357
population_means,0.5400156073874968,0.3494786637622254,0.8616103310830447
