name,simplicity,informativity,optimality
natural_means,0.41333333333333333,0.4409402094435946,0.8384142783314745
dlsav_means,0.39024390243902446,0.4029489883939092,0.8069049243382255
deontic_priority_means,0.33808510638297873,0.4050960267627445,0.7997288134438593
epistemic_priority_means,0.3420994475138121,0.34594854524174,0.7505228786436874
circ_priority_means,0.3298765432098765,0.38267504621959614,0.7798240728518189
dp_restricted_means,0.39217391304347826,0.39689993098833537,0.8027586763200055
population_means,0.33624999999999994,0.3649786116420265,0.7655902317836294
