name,simplicity,informativity,optimality
natural_means,0.41333333333333333,0.3894767201724651,0.861264395921754
dlsav_means,0.39066666666666666,0.35724209956315545,0.8288992612569767
deontic_priority_means,0.34288770053475937,0.34893062232789646,0.8108794007864851
epistemic_priority_means,0.34828729281767956,0.33438815579393105,0.7995362757210538
circ_priority_means,0.3392592592592593,0.323199425777977,0.7880509349263005
dp_restricted_means,0.40255319148936164,0.3584446828958366,0.8329250981937477
population_means,0.3393728222996516,0.3323871354639832,0.795768070039518
