name,simplicity,informativity,optimality
natural_means,0.4615384615384615,0.39962429169746244,0.9480134057378597
dlsav_means,0.37370838117106775,0.37965613543516713,0.9235414883898059
deontic_priority_means,0.3212885840274375,0.38415609999325234,0.9250229933950492
epistemic_priority_means,0.3107643155566478,0.3575498714252318,0.9016967305479096
circ_priority_means,0.31166619358501274,0.366360197692886,0.909284144205842
dp_restricted_means,0.38269230769230766,0.3846465159727354,0.9273065434023858
population_means,0.3158642742938355,0.36422372346230286,0.9077933651424039
