stat,simplicity,informativity,optimality
t-statistic,1.1008189391578969,2.259739196117306,2.8570748021063257
Two-sided p-value,0.3211264353008991,0.07337567671918335,0.0355279677697465
