stat,simplicity,informativity,optimality
t-statistic,3.2615368145421653,6.666279164249942,8.209553029914215
Two-sided p-value,0.0014459023608206312,8.654609284572356e-10,3.033825323722071e-13
