stat,simplicity,informativity,optimality
t-statistic,3.444911964839229,-1.1538330279569435,1.2554726334960147
Two-sided p-value,0.0023096628459423237,0.2609499658299341,0.2224788552503615
