stat,simplicity,informativity,optimality
t-statistic,3.473136166961703,4.732743097539332,5.685089574561429
Two-sided p-value,0.0007125351617375674,6.022027360379162e-06,9.102153143626278e-08
