stat,simplicity,informativity,optimality
t-statistic,3.506276426489167,6.744904903213522,7.2907986547364825
Two-sided p-value,0.0006399906927741343,5.713508967535558e-10,3.587964373796745e-11
