stat,simplicity,informativity,optimality
t-statistic,0.6482553617515217,7.959558879204376,7.48361933710195
Two-sided p-value,0.5172950694017704,3.2054761491033786e-14,7.379989964238943e-13
