stat,simplicity,informativity,optimality
t-statistic,5.1497146185627205,3.6125528418151513,5.892810457455914
Two-sided p-value,1.024593484054745e-06,0.00044266293406018925,3.505582713930187e-08
