stat,simplicity,informativity,optimality
t-statistic,-1.1798997133492308,10.117714308487372,2.53148079589439
Two-sided p-value,0.2387395848607366,1.3937733217800513e-21,0.011739348596712393
