stat,simplicity,informativity,optimality
t-statistic,0.2477988746120374,4.649273504187802,3.286966124087863
Two-sided p-value,0.8045633675222528,6.2998224508341734e-06,0.0012107008891799108
