stat,simplicity,informativity,optimality
t-statistic,3.3174843302910877,2.187565295562513,3.8853989842746484
Two-sided p-value,0.029447654748141792,0.093947107137387,0.017759742024201542
