stat,simplicity,informativity,optimality
t-statistic,0.34144481115358666,2.3936321544999672,1.9122096122779562
Two-sided p-value,0.7332195641650214,0.017847663471983514,0.057647472691511555
