stat,simplicity,informativity,optimality
t-statistic,1.3556944748133248,1.2884448614143205,1.7746376087895304
Two-sided p-value,0.23321278047107882,0.25398782078800664,0.1361319318556355
