stat,simplicity,informativity,optimality
t-statistic,6.737872976002801,4.055058116845411,4.8316953790543
Two-sided p-value,1.6750214884294307e-10,7.178395805695777e-05,2.6902599661544143e-06
