stat,simplicity,informativity,optimality
t-statistic,1.0597072004200212,4.360334861136153,3.95242994735643
Two-sided p-value,0.33776208815400016,0.007287964376335426,0.010824410412066724
