stat,simplicity,informativity,optimality
t-statistic,4.700992304174079,10.533335748600562,12.558689976393755
Two-sided p-value,3.3127407833875335e-06,1.148318707594841e-23,8.130955725351112e-32
