stat,simplicity,informativity,optimality
t-statistic,0.14430948398051216,1.3974358114884489,1.0754763579353461
Two-sided p-value,0.8854131738353395,0.16395618356714237,0.28356210515400115
