stat,simplicity,informativity,optimality
t-statistic,-0.1708700701169464,10.739751382565908,11.680757461474792
Two-sided p-value,0.8643720171267348,3.987430010462835e-25,4.435591834165844e-29
