stat,simplicity,informativity,optimality
t-statistic,0.13433182420049097,7.6893727472092825,6.471368911547998
Two-sided p-value,0.8932846566605722,8.16634369516821e-13,8.291372076805695e-10
