stat,simplicity,informativity,optimality
t-statistic,10.452395748247817,1.5886606740613582,10.404918490640291
Two-sided p-value,4.271360167506484e-22,0.11315966312161341,6.180786231449831e-22
