stat,simplicity,informativity,optimality
t-statistic,-1.1710456762482586,10.09861207040768,1.6869845653080335
Two-sided p-value,0.242275809278109,1.6280214659443212e-21,0.0923840094803601
