stat,simplicity,informativity,optimality
t-statistic,3.304918101767262,2.1833448515802547,3.8593699704480784
Two-sided p-value,0.029795829285437725,0.09439102426480876,0.018156992706323434
