stat,simplicity,informativity,optimality
t-statistic,3.611267081669217,1.5443231584305364,1.8661451192656187
Two-sided p-value,0.022531223265549072,0.19739250103295555,0.13543375566624213
