stat,simplicity,informativity,optimality
t-statistic,10.534123058812506,1.6182864468820477,9.662369645465677
Two-sided p-value,2.2570213277865524e-22,0.10662112492491571,1.7976099890948405e-19
