stat,simplicity,informativity,optimality
t-statistic,1.1044510404817267,6.813865350422619,6.224184667281279
Two-sided p-value,0.3196911440635354,0.0010375214694104307,0.0015656830276657879
