,complexity,comm_cost,optimality,N
Deontic Priority true,41.30875146530354,0.8444219948554139,0.8896411231687478,104074
Deontic Priority false,35.788480711711024,0.9193568807043798,0.8554908964177149,13039
population,40.69414155559161,0.8527650137908409,0.8858389423125941,117113
