stat,complexity,comm_cost,optimality
t-statistic,10.07871003874629,-52.142856884310156,27.047669124662665
Two-sided p-value,7.037624941521924e-24,0.0,1.467867020344006e-160
