stat,complexity,comm_cost,optimality
t-statistic,20.823682864500693,-106.88627096515614,60.87178220937093
Two-sided p-value,3.772595704289145e-96,0.0,0.0
