name,simplicity,informativity,optimality
natural_means,,,
dlsav_means,0.8556390977443606,0.46310672514619877,0.9221921405068806
deontic_priority_means,0.5964302942595273,0.5205332111293178,0.7789395477038438
population_means,0.5964302942595273,0.5205332111293178,0.7789395477038438
