name,simplicity,informativity,optimality
natural_means,0.7412935323383086,0.7722195625402665,0.913788216414513
dlsav_means,0.8498361849290136,0.6050973394943003,0.939001008450776
deontic_priority_means,0.7225392237477056,0.5715360088882973,0.8454278956362915
epistemic_priority_means,0.7225392237477056,0.5715360088882973,0.8454278956362915
circ_priority_means,0.7225392237477056,0.5715360088882973,0.8454278956362915
dp_restricted_means,0.7225392237477056,0.5715360088882973,0.8454278956362915
population_means,0.7225392237477056,0.5715360088882973,0.8454278956362915
