name,simplicity,informativity,optimality
natural_means,0.7062146892655365,0.7914004012999454,0.9351971126459029
dlsav_means,0.7870491090830074,0.5936829307532658,0.9482202236172296
deontic_priority_means,0.5313427422014113,0.504847669869724,0.7436101807876462
epistemic_priority_means,0.5313427422014113,0.504847669869724,0.7436101807876462
circ_priority_means,0.5313427422014113,0.504847669869724,0.7436101807876462
dp_restricted_means,0.5313427422014113,0.504847669869724,0.7436101807876462
population_means,0.5313427422014113,0.504847669869724,0.7436101807876462
