,complexity,simplicity,informativity,comm_cost,iff,sav,dlsav,deontic_priority,optimality,natural,dominant,name
86,20,,0.8541666666666666,0.1458333333333333,1.0,1.0,True,True,0.9999382422032644,False,True,sampled_lang_866
234,12,,0.7569444444444445,0.2430555555555554,1.0,1.0,False,True,0.9999499761082612,False,True,sampled_lang_644
328,4,,0.6666666666666666,0.3333333333333333,1.0,1.0,True,True,0.9999433141976716,False,True,sampled_lang_251
368,16,,0.8333333333333333,0.1666666666666667,1.0,1.0,True,True,0.9999666634852378,False,True,sampled_lang_654
477,1,,0.4166666666666667,0.5833333333333333,1.0,0.0,False,True,0.9999794809826456,False,True,sampled_lang_63
1835,10,,0.7222222222222223,0.2777777777777777,1.0,1.0,False,True,0.9999232012331198,False,True,sampled_lang_626
1857,3,,0.4722222222222222,0.5277777777777778,1.0,0.5,False,True,0.9999716570988358,False,True,sampled_lang_253
