stat,simplicity,informativity,optimality
t-statistic,7.369389247643366,19.17019461152894,15.646713118849087
Two-sided p-value,7.959197732772096e-08,7.319062460803476e-17,9.558154428326061e-15
