stat,simplicity,informativity,optimality
t-statistic,0.8975015341088469,10.980381964699196,8.84403144276433
Two-sided p-value,0.3776873544849654,2.920844945319927e-11,2.5646822541757572e-09
