stat,simplicity,informativity,optimality
t-statistic,10.690294240480682,1.9549911545880745,24.03794356231325
Two-sided p-value,5.170457078869022e-13,0.057969090557907686,1.375752810199938e-24
