stat,simplicity,informativity,optimality
t-statistic,32.36096265658123,-3.9551191526445333,40.26023889781715
Two-sided p-value,1.0394398670010078e-51,0.0001512156102747784,8.832713222195316e-60
