stat,simplicity,informativity,optimality
t-statistic,26.819656526680586,2.830385099373963,47.40283570272478
Two-sided p-value,1.3812849151617896e-84,0.004936774901026784,1.4686222908638771e-148
