simplicity,informativity,optimality
26.273769180265717,-3.262940588178332,37.31501829757091
4.338994369642204e-45,0.0015377789252839546,3.754809576611856e-58
