stat,complexity,comm_cost,optimality
t-statistic,10.07871003874629,-49.939976769046986,20.153492417366497
Two-sided p-value,7.037624941521924e-24,0.0,3.7307606229830996e-90
