stat,complexity,comm_cost,optimality
t-statistic,-62.84314860703812,50.14085296235509,9.716885368419256
Two-sided p-value,0.0,0.0,2.908222920334326e-22
