bootstrap_sample_percent,low,high
1,-1.0,
3,-0.2863867637720494,0.8754350786066365
10,0.22601854928711107,0.7522456170779657
31,0.35042947831339394,0.6281575684805771
100,0.3959393257497032,0.5454445109979892
