bootstrap_sample_percent,low,high
1,-1.0,
3,-0.11422550623618907,0.8609481580590612
10,0.21463569889894007,0.7412009863745971
31,0.2817612543473519,0.6157715562066004
100,0.4072358884455533,0.5377396345819662
