bootstrap_sample_percent,low,high
1,-1.0,
3,0.0065361537311988275,0.8611476719980575
10,0.23828151331039865,0.7176057751491429
31,0.39494377466043706,0.667638329588359
100,0.46423857893390835,0.5780918612200716
