bootstrap_sample_percent,low,high
1,-1.0,
3,0.06473783745361017,0.8706191233600425
10,0.3123742582425199,0.7657633355949203
31,0.4174993919124965,0.6293152234309902
100,0.45794140802468025,0.5794337976425208
