bootstrap_sample_percent,low,high
1,-1.0,
3,-0.35849619380157294,0.7455413792079535
10,-0.13412470392328132,0.4947505689770688
31,0.06134521854330367,0.3583910156460324
100,0.1329135116853194,0.2998813443637227
