bootstrap_sample_percent,low,high
1,-1.0,
3,-0.5457371037434683,0.6205429704767098
10,-0.09101523878828721,0.4778134036729911
31,0.0433237870222951,0.351002831509067
100,0.15203739225698476,0.30126089575940956
