bootstrap_sample_percent,low,high
1,-0.40832594587938476,-0.13359058710674787
3,-0.3540708857916008,-0.1923501682899591
10,-0.33029627509953713,-0.23349124241831104
31,-0.30478210226429414,-0.24471284651151182
100,-0.2907680420193993,-0.2619746787984297
