bootstrap_sample_percent,low,high
1,-0.2784691277028063,-0.14667103437960732
3,-0.2441950577899719,-0.1536638807975556
10,-0.22248361528681732,-0.18396151573135766
31,-0.21096242407647825,-0.18926047109183994
100,-0.20830389074737554,-0.19358435324017154
