bootstrap_sample_percent,low,high
1,-0.3560638561269773,0.12992243138048637
3,-0.30902100506096575,-0.025302830826585535
10,-0.22710574634547076,-0.04947282058121445
31,-0.19059548538067042,-0.0775294742609736
100,-0.16878862046550971,-0.10997428095530824
