bootstrap_sample_percent,low,high
1,-0.5188629455265813,-0.4092420386958439
3,-0.4958223056447676,-0.4320107319274389
10,-0.4857087709912505,-0.45271952150857603
31,-0.47760941713242694,-0.45992505009960344
100,-0.4741038644343547,-0.46327798237125706
