bootstrap_sample_percent,low,high
1,-0.45049987365223143,-0.27563499372310296
3,-0.4017755098561965,-0.3134366775498244
10,-0.3922063854264628,-0.3299016552147395
31,-0.3693111874477629,-0.3431822115317569
100,-0.36562720115680397,-0.34788634389229195
