bootstrap_sample_percent,low,high
1,-0.28832197050814967,0.07839984643678181
3,-0.20608814587457336,0.03823527177422779
10,-0.17136289631080515,-0.028324473526049
31,-0.1360332677040624,-0.05927914412099819
100,-0.11728833655993633,-0.07476226309198394
