bootstrap_sample_percent,low,high
1,-0.40290480368177894,-0.08005040994628378
3,-0.3572485440283336,-0.1973603185360991
10,-0.3206409615030778,-0.218540345053497
31,-0.2958789829773918,-0.23768896047400556
100,-0.28447409012120795,-0.2522769690585559
