bootstrap_sample_percent,low,high
1,-0.5147204054614046,-0.34762629964746294
3,-0.4897126942781521,-0.39454771184188087
10,-0.4736405940292032,-0.41274150474927523
31,-0.4560081012301348,-0.42210579065769005
100,-0.44913516937407394,-0.4302274241128482
