bootstrap_sample_percent,low,high
1,-0.40874182129642567,-0.20095112152856792
3,-0.35842192421121377,-0.25123700559393647
10,-0.3356827416429095,-0.2728093954373176
31,-0.32668318157002574,-0.28683935008006495
100,-0.31645250723651963,-0.298794404830517
