bootstrap_sample_percent,low,high
1,-0.4268954054488028,0.26633615518863435
3,-0.24391053380668415,0.09376898092554488
10,-0.18658990294439026,0.03560333777549313
31,-0.1362539608992287,-0.015099932312909136
100,-0.11123937655317548,-0.0431911616383379
