bootstrap_sample_percent,low,high
1,-0.23366697523609758,0.2127814521840205
3,-0.1690028424406848,0.08397553169806027
10,-0.11692968711361112,0.005032090498903019
31,-0.078707891375695,-0.01553765197464464
100,-0.0730915412539307,-0.025062786564873894
