bootstrap_sample_percent,low,high
1,-0.43589937438848225,0.03392018310799747
3,-0.3747281071661528,-0.087391860073368
10,-0.31643959295272933,-0.14239065816390606
31,-0.29311297343857656,-0.20760785176148241
100,-0.2801146035878207,-0.224092725582259
