bootstrap_sample_percent,low,high
1,-0.438468859795071,0.034297102241864365
3,-0.38815004102840844,-0.09686711733339647
10,-0.3334280688028865,-0.14664841731689982
31,-0.2944435082313933,-0.2085222247988831
100,-0.2828787784740645,-0.2298311629156604
