bootstrap_sample_percent,low,high
1,-0.4307836808357085,-0.11389570945016897
3,-0.34213395896092713,-0.20585231569984436
10,-0.31515026147979197,-0.22403884966762816
31,-0.30455769556375134,-0.24561936609730034
100,-0.2898427644818957,-0.2639246060712718
