bootstrap_sample_percent,low,high
1,-0.2342912099064834,-0.05689382563673023
3,-0.19788826720302766,-0.08041786232427542
10,-0.17489225147634635,-0.10828120081633369
31,-0.15805529686416103,-0.11680556833507229
100,-0.14983152393425098,-0.1278926332028867
