bootstrap_sample_percent,low,high
1,-0.38134277986002696,0.20004469470135022
3,-0.2972681086420803,0.047735155588310645
10,-0.20957602747107643,-0.032811318105185595
31,-0.15976570828147588,-0.07076269512720856
100,-0.1373889131617546,-0.0856981140431915
