bootstrap_sample_percent,low,high
1,-0.4077245115423387,-0.060078108227949796
3,-0.31488906499029284,-0.10683636414700193
10,-0.29804525839044604,-0.1680821897712999
31,-0.26150185942338755,-0.1950294680223263
100,-0.25043154611782353,-0.21701289893197634
