bootstrap_sample_percent,low,high
1,-0.4394309854857692,0.0049128702262903525
3,-0.352588065879469,-0.0726309734071419
10,-0.3122341593524561,-0.12246584962108967
31,-0.268880618378111,-0.17091066853922918
100,-0.25121397270763235,-0.1932862224797605
