bootstrap_sample_percent,low,high
1,-0.29846418062988433,-0.17602291398353412
3,-0.25904696560341084,-0.20141378722478867
10,-0.2474524136317821,-0.21754054628032543
31,-0.2418154349481278,-0.22252110370728595
100,-0.2376831538587026,-0.22707700480018927
