bootstrap_sample_percent,low,high
1,-0.4150825792672787,-0.09866464208562996
3,-0.36415987747393197,-0.2035322416246827
10,-0.3272424277260681,-0.2224873984319255
31,-0.3035783428199851,-0.24598320682054298
100,-0.2885774619489323,-0.2584457518652195
