bootstrap_sample_percent,low,high
1,-0.36958472104078666,0.10584886179807212
3,-0.25697414088860404,-0.0030160832423928845
10,-0.23951923382290424,-0.08063717258608304
31,-0.20089877316860494,-0.11202637401280677
100,-0.17769699281396795,-0.12837131551361353
