bootstrap_sample_percent,low,high
1,-0.28669400486280083,-0.016041340441086235
3,-0.25627020566785286,-0.09178607335371428
10,-0.21854043768586323,-0.13380665227703056
31,-0.20171940334343957,-0.151215187626477
100,-0.18489914972670152,-0.15891932946682097
