bootstrap_sample_percent,low,high
1,-0.495401450642522,-0.3159856151865389
3,-0.4741261871898502,-0.3615458457291077
10,-0.44191133375485014,-0.3850455994160718
31,-0.4333926255871283,-0.4018516868735099
100,-0.422706067948346,-0.40548617243842344
