bootstrap_sample_percent,low,high
1,-0.49176344974878505,-0.2983856419634683
3,-0.43538478761056043,-0.33493687465229094
10,-0.4140274612600108,-0.3508698108476396
31,-0.40109600469899176,-0.3661707659090958
100,-0.390315821713782,-0.3722904364776355
