bootstrap_sample_percent,low,high
1,-0.21866936226787195,-0.09505859463546745
3,-0.19894659590023922,-0.1286688415959861
10,-0.17926428652400722,-0.13325238646712653
31,-0.1705502701731732,-0.1438341138851824
100,-0.1655183413930776,-0.15127456140072498
