bootstrap_sample_percent,low,high
1,-0.29608250949184045,-0.008226829148792077
3,-0.24879505754019754,-0.09923014732315874
10,-0.22417166131133598,-0.14199401830465214
31,-0.1951717563884211,-0.15151952157177184
100,-0.18669282457946723,-0.1588763866791651
