bootstrap_sample_percent,low,high
1,-0.29208166129948754,0.15439824224062149
3,-0.16244956292254104,0.06199312403441243
10,-0.118848107161998,0.012684359045799566
31,-0.09225209518672879,-0.027160053161147626
100,-0.08122598024646015,-0.04277892813074645
