bootstrap_sample_percent,low,high
1,-0.45381168168965336,-0.0886625147937716
3,-0.3652230075737589,-0.16410310293879316
10,-0.31162737543313196,-0.22267598412431483
31,-0.2917310759258653,-0.23518206082730891
100,-0.2793328162110579,-0.24630304575649703
