bootstrap_sample_percent,low,high
1,-0.23012526653180315,-0.042808903083529484
3,-0.1929032483758446,-0.08024002448548602
10,-0.16809665356990852,-0.09549309028504896
31,-0.15872010655722496,-0.11259654617218559
100,-0.1448552042092183,-0.12252849093062146
