bootstrap_sample_percent,low,high
1,-0.4619160833895093,-0.07398083170223826
3,-0.3628172090032975,-0.1940444418978907
10,-0.3317793079913023,-0.2393094429910989
31,-0.2995367086851736,-0.25623849076311733
100,-0.2936346785512304,-0.2660824030177649
