bootstrap_sample_percent,low,high
1,-0.39595442563148486,-0.08870358128774412
3,-0.35577208563307616,-0.18599413050884084
10,-0.322538175575816,-0.21214988416140373
31,-0.2945500269435324,-0.23684681291268073
100,-0.2840168248071938,-0.2517651524277557
