bootstrap_sample_percent,low,high
1,-0.43115046992799233,-0.09398078663654856
3,-0.3685808940594157,-0.17541640056905214
10,-0.33745197074846567,-0.23098815752818086
31,-0.31513869921982524,-0.2530773539370043
100,-0.2952579785060593,-0.26493237754196886
