bootstrap_sample_percent,low,high
1,-0.4021314386315168,-0.07170744527048775
3,-0.35944194350326397,-0.19522730540091016
10,-0.31792170319728996,-0.2082476736618577
31,-0.29619880520852715,-0.23800200077547964
100,-0.28413966813785074,-0.2526159486767998
