bootstrap_sample_percent,low,high
1,-0.4053880212767187,-0.07777261757080602
3,-0.3581127427980789,-0.1937389111184509
10,-0.32356099254015236,-0.20703001761589418
31,-0.29652256241687064,-0.24201521698419926
100,-0.28539396835099734,-0.2542177416154813
