bootstrap_sample_percent,low,high
1,0.42731564384758974,0.7265794305624098
3,0.5170684511014559,0.6768983421283157
10,0.5652005033214572,0.6456155102538013
31,0.5722482615573747,0.6254946347097442
100,0.5864535354399659,0.6125590113244397
