bootstrap_sample_percent,low,high
1,0.5993046519568745,0.7695384686476777
3,0.618481966430404,0.7333683908161595
10,0.649371056752321,0.7119546193473647
31,0.666746493212158,0.6987088430225712
100,0.6727629444679569,0.6926258902248192
