bootstrap_sample_percent,low,high
1,0.402745965130473,0.5493983404036468
3,0.42353814115862665,0.504389206188163
10,0.45202891225845965,0.49147510544782225
31,0.45650690178541686,0.4826845225451002
100,0.4633722544295842,0.47656649704988985
