bootstrap_sample_percent,low,high
1,0.5808316084129681,0.7868885535834813
3,0.6504682381455614,0.7663110614739364
10,0.6557390984647853,0.7228080909105172
31,0.6829755161935933,0.7139334669139903
100,0.6898160706863077,0.7084694372678835
