bootstrap_sample_percent,low,high
1,0.5792083499933348,0.7803157750738793
3,0.6371988610734174,0.7635764940812322
10,0.664596820390439,0.7243543312341291
31,0.6804994673257477,0.7163301672638129
100,0.6896867991466422,0.708460231986886
