bootstrap_sample_percent,low,high
1,0.5613138721632683,0.8700782582527526
3,0.5994688197124656,0.7878699445128788
10,0.6439070524785133,0.7680050508078706
31,0.6786461714035297,0.7394858807456082
100,0.6879196439725768,0.7254418333694824
