bootstrap_sample_percent,low,high
1,0.7339162637538519,0.7935348914659022
3,0.7470621036762535,0.7789184270594521
10,0.7547531273483948,0.7733574115778925
31,0.7589069578076273,0.7678797395451951
100,0.7608784886871154,0.766481957065184
