bootstrap_sample_percent,low,high
1,0.3821759242460088,0.7188729115897323
3,0.5031273252306624,0.6643213265314667
10,0.5567471528766361,0.6387490244176077
31,0.5636304895142153,0.6222753593103882
100,0.5776308194224572,0.6060975458628137
