bootstrap_sample_percent,low,high
1,0.4658578486516181,0.7074853503453169
3,0.5283496205185378,0.6686952213828243
10,0.5588380852468026,0.6449483340635758
31,0.5719767853889659,0.6262136230731437
100,0.5899612124043465,0.6165626752321056
