bootstrap_sample_percent,low,high
1,0.4030150650934753,0.6043965469267352
3,0.44716568118868716,0.5641429713239056
10,0.47599129977527677,0.539630446807017
31,0.4869117730234477,0.53056649416682
100,0.4938922388618223,0.5192778771768032
