bootstrap_sample_percent,low,high
1,0.42698207125117144,0.7189183792650176
3,0.5013983311232701,0.6670858216992542
10,0.5337341074104125,0.6359831582192268
31,0.5631006585778929,0.6236989599223106
100,0.5804349487949597,0.6066008541193778
