bootstrap_sample_percent,low,high
1,0.2043090948645973,0.7716710703137137
3,0.41963528202592304,0.705812013311732
10,0.4954193636349163,0.6383206516417964
31,0.5149544533287513,0.5967897368533085
100,0.5385585025469737,0.5868240166475263
