bootstrap_sample_percent,low,high
1,0.7655098183564402,0.8818428540735977
3,0.8035860129242307,0.8639714322044862
10,0.8126366537693808,0.854350355782574
31,0.8204986511717989,0.8433137219863275
100,0.8256857931966683,0.8382318665215323
