bootstrap_sample_percent,low,high
1,0.2694876259705942,0.7550608627396589
3,0.4376476647111831,0.6690141584174274
10,0.46169519969210404,0.6417314016239839
31,0.5129525259975791,0.6020946527060249
100,0.5403313056233511,0.5801462267540702
