bootstrap_sample_percent,low,high
1,0.7161769716451825,0.7766149877028534
3,0.7314841287732659,0.7636980714190638
10,0.7347329313332842,0.7555481656045203
31,0.7408758555032491,0.7529623875217353
100,0.7429356476346589,0.74892076454576
