bootstrap_sample_percent,low,high
1,0.5110807055759998,0.5851060799202922
3,0.5294515907577928,0.5776640688211097
10,0.5366583925408548,0.5600370708640561
31,0.5432362932116617,0.560076736120989
100,0.5461173800402732,0.5550569428196525
