bootstrap_sample_percent,low,high
1,0.7274798805198447,0.7880563068791422
3,0.7371987286241501,0.775061174802995
10,0.749753143055137,0.7685781972970583
31,0.7515036904608542,0.7627203119552355
100,0.7543453663884032,0.7602858811054607
