bootstrap_sample_percent,low,high
1,0.7478653116098355,0.8708590455352034
3,0.7772453788248935,0.8459516182672275
10,0.7999663674789779,0.8340941948947584
31,0.8014866297648616,0.8238310748598401
100,0.8063187637444302,0.8201153025636844
