bootstrap_sample_percent,low,high
1,0.6343919047034435,0.7045942804601412
3,0.6485175767463929,0.6914594813855943
10,0.6620144854408629,0.6830848974018247
31,0.6652861141801429,0.6791016800982536
100,0.6698097302277854,0.676465403723228
