bootstrap_sample_percent,low,high
1,0.41031982542429457,0.7190807287094259
3,0.4964401095078653,0.6778004547158923
10,0.5583626890040522,0.6475897923958915
31,0.5702741635039519,0.622350909505938
100,0.580912599601942,0.6113871602948873
