bootstrap_sample_percent,low,high
1,0.7495973978891466,0.7868846825442376
3,0.7575916302612737,0.7815695651673411
10,0.7625328340070867,0.7754932238921431
31,0.7656095231515041,0.7725599939721559
100,0.7670345290841156,0.7708974652087227
