bootstrap_sample_percent,low,high
1,0.7282797841568708,0.8798748613063379
3,0.7482968296832848,0.8463332361483125
10,0.7732102335024565,0.8317463565359231
31,0.7879104634534169,0.8194443970556047
100,0.7958119061641991,0.8130460695515607
