bootstrap_sample_percent,low,high
1,0.7416025036914895,0.802544977440425
3,0.7542640420111133,0.7840679037057621
10,0.7611401428494048,0.7807204844546852
31,0.7663441025064983,0.777534402260814
100,0.7697625295472605,0.7753696375713395
