bootstrap_sample_percent,low,high
1,0.59536126956258,0.8916674127354199
3,0.6932350859492933,0.8386093990446442
10,0.7428096475002818,0.8175437471246254
31,0.7550556689685194,0.8022406254360339
100,0.7711590273412203,0.7933099569012814
