bootstrap_sample_percent,low,high
1,0.5569863628343897,0.8780581171390541
3,0.650231390675672,0.8211125201150915
10,0.6771017703961602,0.7831174632207375
31,0.6924658948748099,0.7668350242808664
100,0.7186171207097223,0.7535960503181425
