bootstrap_sample_percent,low,high
1,0.7201887903585193,0.7756403124189282
3,0.7319220190981501,0.7667606664644813
10,0.7418958340788038,0.7577113106228148
31,0.7450115799336221,0.7544327463245881
100,0.7466395903373384,0.7522171997383772
