bootstrap_sample_percent,low,high
1,0.4119563415124544,0.7248752325988859
3,0.5089219578892845,0.6762415517483038
10,0.566389342041647,0.6408685810911845
31,0.5660352287250869,0.6260886431951822
100,0.5848245422659513,0.6105242055226605
