bootstrap_sample_percent,low,high
1,0.3666385997084604,0.781501825681771
3,0.49450804459427977,0.7120001596215763
10,0.5252700453507382,0.6613294923442896
31,0.5554396402459492,0.6352327084281879
100,0.5833834558498262,0.6190460195622287
