bootstrap_sample_percent,low,high
1,0.4003240204465294,0.5932039699713034
3,0.4461481065717702,0.55533593053933
10,0.46997523625963067,0.5369824787310198
31,0.4885154970724708,0.5230651743009721
100,0.4954104638164929,0.5181594584186096
