bootstrap_sample_percent,low,high
1,0.4068055653257445,0.7306969168485999
3,0.51051729264525,0.6713601810865857
10,0.559683063832286,0.6453817178434833
31,0.5723290004387985,0.6292152799795845
100,0.5828706323248749,0.6105916528207612
