bootstrap_sample_percent,low,high
1,0.7512573364082653,0.8631290024160855
3,0.7879221055684924,0.8584560807786495
10,0.8065286521978368,0.8395212144179345
31,0.8092916612310054,0.8320688785192807
100,0.8131469100303267,0.826462157698449
