bootstrap_sample_percent,low,high
1,0.5611647545505789,0.7420831424807001
3,0.5945480450463397,0.7186529502118754
10,0.6171382121566158,0.6858889205848634
31,0.6352560891841713,0.6730523927973819
100,0.6428179696085448,0.664906356326328
