bootstrap_sample_percent,low,high
1,0.7651152670979602,0.8619305005551054
3,0.7911053235987721,0.841407953385597
10,0.8033079447888072,0.83203240992668
31,0.8073228322614012,0.8240823310385443
100,0.8103521333890753,0.8187828168611408
