bootstrap_sample_percent,low,high
1,0.43521610723391785,0.7753853508004955
3,0.4832281302585785,0.7250801062192859
10,0.5074336575291609,0.66643126685791
31,0.5592578198228204,0.6287043416777679
100,0.5715465458797651,0.6141904900137487
