bootstrap_sample_percent,low,high
1,0.5323629231267294,0.8074990019014313
3,0.5862727725771543,0.7569118359642302
10,0.6224281614405434,0.7239018221679947
31,0.6562367436884022,0.7051004681097871
100,0.6614887647880117,0.6926306546296114
