bootstrap_sample_percent,low,high
1,0.704884927318173,0.7842262755363892
3,0.7246676394771543,0.7722454312946883
10,0.7312115155878134,0.7606948253255754
31,0.7422961286307943,0.7560616559101954
100,0.7450876733898399,0.7517371362401488
