bootstrap_sample_percent,low,high
1,0.5765429817056194,0.7591614405193132
3,0.623887939890515,0.7204294744578865
10,0.6372287096095859,0.7046197992384342
31,0.6621380789991578,0.6966915075591963
100,0.6673232476470403,0.6854706146514614
