bootstrap_sample_percent,low,high
1,0.4141402084871064,0.8291968138720963
3,0.4779531778293353,0.7659551582028032
10,0.5920161236859129,0.7195511594275072
31,0.6037587517203772,0.6947556284878298
100,0.6264535391033915,0.6774875512949861
