bootstrap_sample_percent,low,high
1,0.41646116556366736,0.6868430008366189
3,0.49849476118131175,0.6778023370171757
10,0.5446769937641487,0.6382250715991064
31,0.5668151449528974,0.6167769612501239
100,0.5792120760699346,0.6043297015687573
