bootstrap_sample_percent,low,high
1,0.45072009426941784,0.5326381973350947
3,0.460493709923138,0.5142426258461459
10,0.47198692923526187,0.5008544718355548
31,0.47966530734115487,0.4958923659388723
100,0.4832215327351279,0.4924296054172983
