bootstrap_sample_percent,low,high
1,0.45387709359412143,0.8324811295952401
3,0.5587593502133905,0.7914149566792509
10,0.652938181878391,0.7477263787148147
31,0.6713411207003842,0.7303099870017904
100,0.6775663079430245,0.714511585127233
