bootstrap_sample_percent,low,high
1,0.4331685767441297,0.5553069306195424
3,0.4593638720220393,0.5311854484577563
10,0.4720317881844299,0.5140033667631321
31,0.4832890411848115,0.5043216072363678
100,0.4857366535758638,0.49919361378065086
