bootstrap_sample_percent,low,high
1,0.49073216536980757,0.5875785298281831
3,0.5089384506993755,0.5647182866707563
10,0.5210270795456247,0.5514332753877887
31,0.5255082947801435,0.5453326640839836
100,0.5312658618191548,0.54028485503474
