bootstrap_sample_percent,low,high
1,0.4337005083626181,0.6549580616767825
3,0.4855794163644514,0.5944532048651228
10,0.5077837026874908,0.5746652799148784
31,0.522753576931691,0.5580969316869022
100,0.5310809817712019,0.5489730278372275
