bootstrap_sample_percent,low,high
1,0.34353584991862957,0.7516040381273171
3,0.45410177656090545,0.6649524429633882
10,0.47701541639861283,0.6521707472343274
31,0.52262138311017,0.6088059198146454
100,0.5491857082414509,0.5917004088193649
