bootstrap_sample_percent,low,high
1,0.7009384952896154,0.8784123775567196
3,0.7491656681602759,0.8503451888186594
10,0.769141167833609,0.8310556889775796
31,0.7832899610643445,0.8190930981078772
100,0.7933316623101867,0.8100294240987645
