bootstrap_sample_percent,low,high
1,0.7243630984861782,0.7825269852862905
3,0.7399624193198615,0.7719811104979091
10,0.7451650070885191,0.7639685528998905
31,0.7493305185291215,0.7609123955650187
100,0.7511649876632366,0.7573590803220679
