bootstrap_sample_percent,low,high
1,0.5240024132942478,0.7350618660702144
3,0.5879949137353111,0.6954757699625116
10,0.5949676003777242,0.6711396967005723
31,0.6165865345675703,0.663158901350822
100,0.6286942589938678,0.650234898552564
