bootstrap_sample_percent,low,high
1,0.4220346340625405,0.5344778995412652
3,0.43917177538076646,0.5085737196553055
10,0.46324369048266417,0.49907965832812107
31,0.4647919005778257,0.4872847458553063
100,0.4699596970654103,0.48233688768418514
