bootstrap_sample_percent,low,high
1,0.3738649382440813,0.5642959297118566
3,0.4443504062982656,0.520711299728992
10,0.459388786479493,0.5030202262552954
31,0.4622627702235282,0.4940983984415075
100,0.4736860011252045,0.48689183846163997
