bootstrap_sample_percent,low,high
1,0.12005789179684426,0.4812850540547027
3,0.21031803393237467,0.39237943400599107
10,0.2306090215944694,0.3472598453585783
31,0.26944138514724214,0.3340530525405576
100,0.28345153684597335,0.31924791171288525
