bootstrap_sample_percent,low,high
1,0.19818796168282163,0.6214317314671493
3,0.3123077258655004,0.5307959075553328
10,0.33178293646166335,0.4923136911371741
31,0.3646848950586022,0.4474280719566729
100,0.38816364230588896,0.43404692940992495
