bootstrap_sample_percent,low,high
1,0.48961658603194996,0.6796131755740159
3,0.5317491863327095,0.6265487339551633
10,0.5601300955776343,0.6117268503552004
31,0.5697965258360442,0.6016057039835276
100,0.5785504528186654,0.5942142958843849
