bootstrap_sample_percent,low,high
1,0.6109894457130763,0.681529053548638
3,0.6242028583421902,0.6724636525577011
10,0.6350843001598951,0.6547801434644478
31,0.6400977975285664,0.6520160926267837
100,0.6427980576351154,0.6495565160501979
