bootstrap_sample_percent,low,high
1,0.29234281760004455,0.5528969668406548
3,0.3533064284203802,0.5012525295599661
10,0.3864943789586268,0.46504419199786307
31,0.40712949863358294,0.44993617328874197
100,0.4144726434851883,0.4410899965081061
