bootstrap_sample_percent,low,high
1,-0.022367773119476058,0.5380362270646408
3,0.16327740429691914,0.4742804060673227
10,0.24568860828706035,0.40881162643431146
31,0.271255081506113,0.3796731195287265
100,0.30337783377006067,0.3583078764273386
