bootstrap_sample_percent,low,high
1,0.3724317137950043,0.6458344877661253
3,0.45784868876544715,0.5847482076772872
10,0.48597348342183144,0.556076138976323
31,0.4967131694392811,0.5383189216750395
100,0.508517502003784,0.5326434107171254
