bootstrap_sample_percent,low,high
1,0.4550177303125572,0.6177281534561543
3,0.48479091295552934,0.5988721521290419
10,0.5119195889618273,0.5656520671913782
31,0.5257282085662954,0.5536270070915084
100,0.5316860150171459,0.5476066572254192
