bootstrap_sample_percent,low,high
1,0.4173834818529599,0.6010731549173784
3,0.46017388649128005,0.5547625520287727
10,0.4756499285120117,0.5388747486065829
31,0.4926551009725838,0.5216736717660743
100,0.5000384487975831,0.5168624296810002
