bootstrap_sample_percent,low,high
1,0.04704366600792296,0.44330438452541243
3,0.15119299979732828,0.3794823893233901
10,0.2031481000187034,0.30397314275067294
31,0.2173252244177991,0.2842256089981495
100,0.2357186043232563,0.27113197935035277
