bootstrap_sample_percent,low,high
1,0.6155300446748987,0.6868902362846958
3,0.634512578859151,0.6746322222244926
10,0.6397178372191543,0.6615695354335167
31,0.645248971560398,0.657826607261579
100,0.6485833925139839,0.6545508615936805
