bootstrap_sample_percent,low,high
1,0.14208969887159237,0.6177094768088468
3,0.260451749187124,0.516481050933996
10,0.31227065942364374,0.46611668379822946
31,0.34417998489559004,0.44110001421496114
100,0.37021775501953114,0.41316333019502677
