bootstrap_sample_percent,low,high
1,0.579180663299244,0.6786721622319051
3,0.5984754898429463,0.6587414582988902
10,0.6119609871762908,0.6461405422698573
31,0.6194555245741336,0.6387456941161804
100,0.6236127221826849,0.6329638629227068
