bootstrap_sample_percent,low,high
1,0.4873674066515086,0.5552895236156565
3,0.5018148919808216,0.5372588897685546
10,0.5070008193373661,0.5345234132664793
31,0.5119513828604654,0.5266061268727362
100,0.5160113246572529,0.5248174475541224
