bootstrap_sample_percent,low,high
1,0.44159253275157034,0.6143958571862214
3,0.47358145537205387,0.5700223877930655
10,0.49469243290136444,0.548551623307624
31,0.5093967947214673,0.5375662761794493
100,0.516767148681749,0.53332729343266
