bootstrap_sample_percent,low,high
1,0.4663799143309817,0.6262310429710756
3,0.5018466606162738,0.5818963219181774
10,0.515092664725589,0.5718740676103014
31,0.5287817166222188,0.5586291213912327
100,0.5356862430955507,0.5516310797649264
