bootstrap_sample_percent,low,high
1,0.4039760149398375,0.49084937241259397
3,0.42987571213607767,0.48466776597723793
10,0.437245277817296,0.47458036622278527
31,0.44841535928389875,0.4683753203978445
100,0.4520684380784803,0.4618310565492203
