bootstrap_sample_percent,low,high
1,0.5141083607736817,0.6040686685194256
3,0.5295312607637159,0.5828908566006806
10,0.5426183909071232,0.5697453950037857
31,0.5490698917674428,0.5641943952020291
100,0.5522077537881629,0.5616894315728536
