bootstrap_sample_percent,low,high
1,0.3019359887482339,0.5601459563289548
3,0.35912117214887723,0.49993086063621944
10,0.38896171472715646,0.46706073164581147
31,0.40095822633486433,0.44920214940862935
100,0.41210346439968326,0.44251461115148627
