bootstrap_sample_percent,low,high
1,0.22956371719791469,0.3505579875128164
3,0.27339756149501504,0.3284442863889572
10,0.2814433809174545,0.3165809836448444
31,0.2893923457038822,0.3094294674099387
100,0.29557516309795684,0.30547009374807743
