bootstrap_sample_percent,low,high
1,0.40853701299168244,0.6482765753471338
3,0.45707766166623515,0.6003623004803584
10,0.49087752652148753,0.5707993756762398
31,0.5137364514733216,0.5573245235358645
100,0.5256899337762082,0.5494978105153172
