bootstrap_sample_percent,low,high
1,0.5900054061809406,0.6637879366182624
3,0.6030476984678611,0.636829059286763
10,0.6129050571692047,0.6336693836802405
31,0.6151582854937947,0.6285363874890473
100,0.6191397909665903,0.6263262014574897
