bootstrap_sample_percent,low,high
1,0.4018599977730531,0.5747272088846029
3,0.4484627762480739,0.535281315708481
10,0.47286446230776236,0.5195902456630721
31,0.47490936081185015,0.5087616632828789
100,0.48518057538945747,0.503994442037365
