bootstrap_sample_percent,low,high
1,0.5309233863982776,0.6140686548450209
3,0.5532329289267666,0.6009843583074732
10,0.5626671837498842,0.5874398293135901
31,0.569390489955953,0.5838109842732722
100,0.5709830355018317,0.5807164788608047
