bootstrap_sample_percent,low,high
1,0.2950250536159885,0.6717770784708705
3,0.3613350141656356,0.572692241606011
10,0.4193886132240333,0.5176232373731662
31,0.4386366102679772,0.49511683407719137
100,0.4504173593681884,0.48544951032833983
