bootstrap_sample_percent,low,high
1,0.19940702593589876,0.37763443203046776
3,0.23097465648366183,0.33866600616524123
10,0.2427087026299497,0.2960312317667023
31,0.26151439460314574,0.28680006396300695
100,0.2650558594190639,0.2832106562288173
