bootstrap_sample_percent,low,high
1,0.4856986817762264,0.6525023283947926
3,0.5110557674218184,0.6184718217654555
10,0.5364465452839338,0.5935034770901102
31,0.5482021760407658,0.5852826898642106
100,0.5574205958458145,0.57525061055747
