bootstrap_sample_percent,low,high
1,0.3305744897406879,0.5255370035222043
3,0.36428654930322335,0.4796793793308556
10,0.38688800462342376,0.46168815206174135
31,0.4019128759130653,0.4466041432784203
100,0.4124465571778405,0.4337772955873528
