bootstrap_sample_percent,low,high
1,0.31089986715645,0.5420730558609588
3,0.3514662229222837,0.4967900154697862
10,0.38936461793493327,0.4648295903041767
31,0.4044978855028174,0.4489220074384048
100,0.4165550780371762,0.4399454696330416
