bootstrap_sample_percent,low,high
1,0.252142725410973,0.514957938866984
3,0.33194918412268637,0.49845121732230546
10,0.363514451494116,0.45253795691938603
31,0.37987191750141186,0.43251487802518757
100,0.39192775498596,0.41680137432827236
