bootstrap_sample_percent,low,high
1,0.16207161933818223,0.5200967623724674
3,0.23043207705749835,0.4035691719265342
10,0.2701181311227963,0.3769312945545873
31,0.2855172492827699,0.3492570803995927
100,0.3103375455460011,0.34045793853947315
