bootstrap_sample_percent,low,high
1,0.09125265972364018,0.5623510320113589
3,0.20263656618992787,0.4710663097914683
10,0.2787308846929287,0.43412521637571144
31,0.31446385053228837,0.38560086412723427
100,0.3314599960191069,0.3725580339050073
