bootstrap_sample_percent,low,high
1,0.28782438332863075,0.3798662156551862
3,0.3035493132236297,0.35455520556349146
10,0.31869490874818984,0.3416077088826521
31,0.319757852913144,0.3378531132638136
100,0.3246321033768099,0.3331537823013979
