bootstrap_sample_percent,low,high
1,0.18603365671656466,0.3704281096770392
3,0.24506463196668937,0.3363152817424176
10,0.25927077268508114,0.31258262736676823
31,0.2710612774687763,0.301681219941662
100,0.2796459015385193,0.2952240152755138
