bootstrap_sample_percent,low,high
1,0.6609722293322714,0.7197704097421029
3,0.6752460804162732,0.7090913392774207
10,0.6819264939495051,0.698374747198001
31,0.6853399498815098,0.6941818175164414
100,0.6867153509653763,0.6921538248638803
