bootstrap_sample_percent,low,high
1,0.6635763537352235,0.7201944777675338
3,0.6729610260072831,0.7071890798144387
10,0.6811244132535785,0.6983315940917351
31,0.6858768158407849,0.6954915728299726
100,0.6869749765649296,0.6934791122598774
