bootstrap_sample_percent,low,high
1,0.007091713826649811,0.2800714353072846
3,0.08601337733775573,0.22899765586927093
10,0.11399336097842433,0.1999709080075543
31,0.13703724364323,0.18636301704594826
100,0.15004356709245434,0.17348439427532225
