bootstrap_sample_percent,low,high
1,0.3027981376281078,0.5516181841243926
3,0.3458750659199288,0.4942223987552691
10,0.3883568870481455,0.4638732800381987
31,0.4027491656152353,0.4458532807761385
100,0.4126103444179312,0.43908480310213716
