bootstrap_sample_percent,low,high
1,0.20724371067466935,0.6119967768780925
3,0.3066959457124533,0.5211909307051503
10,0.33463051552336087,0.4889282139949618
31,0.3625894570787995,0.4495723715804984
100,0.38621618468100866,0.4333916793662655
