bootstrap_sample_percent,low,high
1,0.2666720738967489,0.5749560554836897
3,0.36555916230203633,0.5195558396058411
10,0.3946913224055522,0.48170456116838556
31,0.41239223286862736,0.4543649402716995
100,0.4220427283698157,0.45087259983018124
