bootstrap_sample_percent,low,high
1,0.23963924960114277,0.3575141156686276
3,0.27122821681927767,0.3327791548048684
10,0.28752636888260397,0.32288395318954305
31,0.2972247248465639,0.31632658665305247
100,0.2979859027422248,0.3109539104158202
