bootstrap_sample_percent,low,high
1,0.31164026493311003,0.5644395165678212
3,0.35642945109379853,0.501242345848671
10,0.3896568866922765,0.4689040420185313
31,0.4070254180961954,0.44994116898429365
100,0.4195090821787064,0.44367186841561
