bootstrap_sample_percent,low,high
1,0.402358719915311,0.5927859296110832
3,0.467861925098158,0.5526576465777475
10,0.48191399875509144,0.5329813591237605
31,0.49057487121780075,0.5254556910925532
100,0.4972513993131558,0.5180855581846959
