bootstrap_sample_percent,low,high
1,0.08581304331270664,0.5922837766967781
3,0.2597422858695072,0.5053037263608587
10,0.30642922451990806,0.44922406893521155
31,0.33954587110476,0.4261753637389074
100,0.36356673115245497,0.4103835114416098
