bootstrap_sample_percent,low,high
1,0.21567334871933122,0.34153880399939085
3,0.24685312808373222,0.3077285037732302
10,0.2583202060272373,0.2970915154254336
31,0.27181686219903967,0.28969258702788314
100,0.2738464836760078,0.2843937201259013
