bootstrap_sample_percent,low,high
1,0.2915847606331905,0.5433925333755978
3,0.35088454646485634,0.4958119271723107
10,0.3870051732678057,0.45701792673859265
31,0.4065332335183752,0.4467635587347796
100,0.4135204241035533,0.4385930249822335
