bootstrap_sample_percent,low,high
1,0.14727752466254612,0.6111565242081604
3,0.26837106183402426,0.5519511544687177
10,0.3305472179300109,0.47429328681091987
31,0.3517762116489662,0.453979316600549
100,0.38209701619885394,0.4289620188967692
