bootstrap_sample_percent,low,high
1,0.31391943599123306,0.5361970976251489
3,0.3501635076618632,0.4861259142726109
10,0.38014740345305653,0.4619091414091197
31,0.4047987532961199,0.4451574067033576
100,0.4124394176956466,0.4339294874988976
