bootstrap_sample_percent,low,high
1,0.4002156500759752,0.6158364099935103
3,0.44580121032429254,0.6025644857844275
10,0.4749233455411528,0.5546547915755469
31,0.4969752950800256,0.5396522894126893
100,0.5072518926984683,0.5286966903542909
