bootstrap_sample_percent,low,high
1,0.6347961216447655,0.7011166014626137
3,0.6485749430909007,0.6794263093960928
10,0.6579293371424753,0.6771534323836697
31,0.6583923284650516,0.6711330385531138
100,0.6617405960780408,0.6679468701222303
