bootstrap_sample_percent,low,high
1,0.10979629222456072,0.4135772048166574
3,0.17694460978676585,0.35184710682710163
10,0.21246688357243923,0.30872436273879844
31,0.23546149185518322,0.29633401307644336
100,0.25107011271771257,0.2856708618798274
