bootstrap_sample_percent,low,high
1,-0.06594310197251478,0.19110868229874417
3,-0.004049369947780098,0.14551634315269585
10,0.021688254029999608,0.11622876373828553
31,0.042371587046038404,0.09444643599844124
100,0.05069947211503299,0.08228511112786144
