bootstrap_sample_percent,low,high
1,0.3486519883182888,0.5337733425180189
3,0.38385143770899105,0.48712232250724613
10,0.4104308721353197,0.46333637485536894
31,0.42146632203974865,0.45469446419815607
100,0.4320346737776387,0.44902740191732765
