bootstrap_sample_percent,low,high
1,0.1432817390682236,0.4144871006716343
3,0.20150801976924704,0.3543703979835648
10,0.22229405476419542,0.3256172332971845
31,0.2548981851933025,0.30087431378699714
100,0.26418855414902165,0.29404606923656107
