bootstrap_sample_percent,low,high
1,0.3435396624281821,0.4974520288277166
3,0.36833494645634574,0.4635095495512822
10,0.38635440428986867,0.4404639606173482
31,0.3953419331457758,0.42586259276615546
100,0.40736914443448,0.4252617676319044
