bootstrap_sample_percent,low,high
1,0.5125932037373758,0.5887193640291589
3,0.526219741552811,0.5724802867651192
10,0.5357586879453184,0.5594028056563034
31,0.5427875603126866,0.5543688755864721
100,0.5445354585014588,0.5519768147876537
