bootstrap_sample_percent,low,high
1,0.4685094742829959,0.5447662784156202
3,0.4814264424321243,0.5190790472993744
10,0.48806521180022683,0.5157494318449101
31,0.49284705801657724,0.510431727054635
100,0.49644000186516424,0.5038774220275013
