bootstrap_sample_percent,low,high
1,0.19971943094558797,0.43227308257207353
3,0.24445558578615909,0.3822804910650081
10,0.2856626530388304,0.35406134219110685
31,0.29696206506355666,0.33774587989843385
100,0.3086567104496964,0.32647408107932163
