bootstrap_sample_percent,low,high
1,-0.17542101037200036,0.28148229154214177
3,-0.055318833210713986,0.18747450673124225
10,-0.01644527880681794,0.13337937904203945
31,0.02019824599001549,0.09526119308121922
100,0.0436711302912631,0.08078814158862252
