bootstrap_sample_percent,low,high
1,0.3105381802504203,0.4905547391470101
3,0.3164135125001593,0.44039106947365314
10,0.3492334733333249,0.4106813192989115
31,0.3667189244183081,0.39918714449828024
100,0.37350571246065534,0.3898148068052885
