bootstrap_sample_percent,low,high
1,-0.033099971200704695,0.43573764299170503
3,0.1341475451208799,0.38383524605124775
10,0.18243582269692615,0.3434605297444187
31,0.21195366832809287,0.3058788035679604
100,0.23050447485693265,0.2762826646666947
