bootstrap_sample_percent,low,high
1,-0.2534267027552486,0.3972233557412316
3,-0.04357104732774467,0.2882520994190714
10,0.006672878198660038,0.2329643391904101
31,0.056222616666441794,0.16644206829136982
100,0.0865946443228735,0.14450851768400014
