bootstrap_sample_percent,low,high
1,0.032887784799488305,0.4591064822105696
3,0.14229275008765063,0.34032930072181
10,0.17230197961408666,0.28566799729189374
31,0.20257362150342328,0.2670581445417468
100,0.20899152327517462,0.2493188509537802
