bootstrap_sample_percent,low,high
1,-0.11119765943792995,0.28744805138506846
3,-0.02322456140756283,0.2065697869042252
10,0.006179362040394054,0.153187569288423
31,0.06410024264330533,0.12714362499666124
100,0.07826670014361213,0.11897594053676969
