bootstrap_sample_percent,low,high
1,-0.1272509883112911,0.23477203547406744
3,-0.05349243057177919,0.16520884787414772
10,-0.016818142569169796,0.11689036096145979
31,0.006545312354953717,0.08961622013723317
100,0.030421877735347835,0.07189036353000867
