bootstrap_sample_percent,low,high
1,0.4802436163493823,0.5374931327121979
3,0.4909265682482137,0.528985521726173
10,0.5035648291899453,0.5203269432318434
31,0.5075537831130134,0.5185376351119801
100,0.5093948704122312,0.5153593721561369
