bootstrap_sample_percent,low,high
1,0.0440589301734704,0.2536337976857628
3,0.07868483908738244,0.20756509871228362
10,0.09711930789723763,0.17032308473996435
31,0.12310579970886595,0.15935119770739792
100,0.12756037682982374,0.14853392212397754
