bootstrap_sample_percent,low,high
1,0.1951444496727327,0.4073985494402832
3,0.23141890798915704,0.3771928960710761
10,0.27408610722129867,0.3498160302098273
31,0.2859000817708725,0.3272853966400029
100,0.296064348343707,0.3176291798698827
