bootstrap_sample_percent,low,high
1,-0.08484403117466371,0.4927806554684473
3,0.03127510813279103,0.35671002389846174
10,0.12286663182182353,0.29042602754204655
31,0.1804835622356924,0.26745763755088836
100,0.19505778503723936,0.24422076047217825
