bootstrap_sample_percent,low,high
1,0.2716175517610028,0.3727455121900078
3,0.29344893373962333,0.34982601063781954
10,0.3052411801171545,0.33906654870508807
31,0.3128324704333182,0.3319212199288275
100,0.31492087805314783,0.32630595413984387
