bootstrap_sample_percent,low,high
1,0.22978488845317782,0.34815462122907676
3,0.25505353520096646,0.3196814465307063
10,0.2696479050402272,0.307605581719071
31,0.2816151448530486,0.300725916791002
100,0.2864859956335325,0.2958002833986998
