bootstrap_sample_percent,low,high
1,0.23200961128076458,0.36023137283506845
3,0.25274732710466774,0.3265250474852631
10,0.2720435180904448,0.3118886316046394
31,0.28421378141895237,0.3125627082601453
100,0.2891950211964787,0.3002773237654801
