bootstrap_sample_percent,low,high
1,0.11501612784662255,0.40474872948471546
3,0.1854045189052381,0.3419727764043061
10,0.23141531912196162,0.321289397315892
31,0.24694855337599358,0.2976280757734938
100,0.2581758009665386,0.29131543303470553
