bootstrap_sample_percent,low,high
1,0.11702796378955753,0.4365555213793573
3,0.18810675591697537,0.35238587543142424
10,0.2234814776992763,0.31564994719839534
31,0.2432768470787886,0.30466799315675097
100,0.25628371559376145,0.29073891292830145
