bootstrap_sample_percent,low,high
1,0.4316130962599145,0.5115628073835783
3,0.4484440299498923,0.4911483063479247
10,0.454147222216131,0.48341403011947043
31,0.4611697993350317,0.47616933867816646
100,0.4633598522969378,0.47313783247832714
