bootstrap_sample_percent,low,high
1,-0.15824800200397016,0.40174822492392226
3,-0.000688184496311335,0.2666546162769509
10,0.05042311600026329,0.22495139114980295
31,0.09440670125167452,0.1855710732257499
100,0.10994129249610668,0.16727421957820665
