bootstrap_sample_percent,low,high
1,0.13926750815296915,0.25781146483376205
3,0.16548005363170543,0.2459654672656372
10,0.18274633482816235,0.21705725735124531
31,0.18713054471666318,0.21460998185300223
100,0.19520215059908325,0.20878472646117524
