bootstrap_sample_percent,low,high
1,-0.2636669822743616,0.3664558121884238
3,-0.10737030879617623,0.22684688439882356
10,-0.02005400269958011,0.18790254528409095
31,0.019621223112145845,0.13209122187936728
100,0.04684338659454511,0.11487843376088355
