bootstrap_sample_percent,low,high
1,0.08960905821247186,0.41979292339398955
3,0.17474780794429617,0.3494420916473383
10,0.21648285958982907,0.30521040615621564
31,0.2351688016875228,0.2983742485751143
100,0.2485252438316601,0.2830600629369577
