bootstrap_sample_percent,low,high
1,0.44171487627430284,0.5258332335739965
3,0.46100851735887705,0.5062191114930887
10,0.47048787907393286,0.4938683426629261
31,0.4769128796275923,0.49227250579235393
100,0.4805487714918683,0.4886737473453734
