bootstrap_sample_percent,low,high
1,0.2690750415002647,0.4453409309552546
3,0.303873222671812,0.39790204816234126
10,0.330848896375664,0.38217833799068424
31,0.33959862003328634,0.37092804467309926
100,0.3481101662838817,0.3678159845871287
