bootstrap_sample_percent,low,high
1,0.4197889435713157,0.5442761228730844
3,0.44497054406603065,0.5169217881779203
10,0.47045051310904196,0.5010726753747572
31,0.4728564561370878,0.49543706874491006
100,0.47828607011547175,0.4904979315180058
