bootstrap_sample_percent,low,high
1,0.11023238052236348,0.23828490111882328
3,0.14575738690694856,0.21304136080282332
10,0.16219542513006502,0.19651446309061044
31,0.16963294603116477,0.19007727843687094
100,0.17471523193357053,0.1858088932360893
