bootstrap_sample_percent,low,high
1,0.316363525399581,0.40351727777861
3,0.33505412327512923,0.38879390257612323
10,0.3422550966626855,0.3732223146716415
31,0.3506992271724839,0.3655006643706563
100,0.3529351369472951,0.3607375185496884
