bootstrap_sample_percent,low,high
1,0.09741869914858586,0.23129798020644438
3,0.1159323430054473,0.1964183316745386
10,0.13504201816275951,0.18120696386060375
31,0.14666943971918456,0.1716045174878712
100,0.15127468279700484,0.16527639268678093
