bootstrap_sample_percent,low,high
1,0.11049443103903503,0.42692708941100205
3,0.1820380196700523,0.3491765739031553
10,0.21285353796548312,0.31026932252580974
31,0.23795867228271464,0.2943542002033397
100,0.25248575433185255,0.28423165463184785
