bootstrap_sample_percent,low,high
1,0.18310646230617056,0.277405000918607
3,0.20065270378612315,0.2618949565991136
10,0.21514492495465784,0.24914107230322807
31,0.22187575168956117,0.2418554305783946
100,0.22579621018186785,0.23769696969008242
