bootstrap_sample_percent,low,high
1,0.09856291601731754,0.4328629424469278
3,0.1553561750979966,0.3741430618030529
10,0.2244574817280902,0.32865951715468456
31,0.25111748014901464,0.3055995699173565
100,0.2589899691475146,0.2929061330804793
