bootstrap_sample_percent,low,high
1,0.022305315132992772,0.22539061620643724
3,0.08346809205007416,0.1961797863750256
10,0.09764001659682671,0.1651217209101023
31,0.11410519275359991,0.15174504945344036
100,0.12699589057862595,0.1437444631820139
