bootstrap_sample_percent,low,high
1,0.11375521215534876,0.38943945969074695
3,0.19461063625842517,0.35845601060501836
10,0.23358016729615777,0.32421806327095626
31,0.24881765097017736,0.2974039097168931
100,0.25958091590742144,0.29139625001300196
