bootstrap_sample_percent,low,high
1,0.18783983252183886,0.3991259134884848
3,0.262578323614194,0.36871698258381747
10,0.2801365642638529,0.34450969873732096
31,0.2928095209203579,0.329402858188629
100,0.2983250802020516,0.3207453825476877
