bootstrap_sample_percent,low,high
1,-0.04628341119853141,0.4537346440558169
3,0.1406574301627986,0.37923131849730973
10,0.17988185713268892,0.3372279449148635
31,0.21123695145163812,0.3013890003684267
100,0.22731612830126768,0.27213301091255765
