bootstrap_sample_percent,low,high
1,0.0930157775781153,0.41941352951595684
3,0.19415925112000604,0.34472447204604495
10,0.21374179832860607,0.31023561137278277
31,0.2374819047296005,0.29817399943781125
100,0.2512517858346466,0.28670928637531456
