bootstrap_sample_percent,low,high
1,0.044589718830135384,0.2755553258128148
3,0.08860773757529533,0.2460766497038251
10,0.12381715201929266,0.21691846781759438
31,0.14685009014149097,0.19356633796340666
100,0.15862421206201194,0.18590914451422125
