bootstrap_sample_percent,low,high
1,-0.1253239090543028,0.3699709110748417
3,-0.014124585658156347,0.30763289713215314
10,0.07178323715923485,0.2114757826987184
31,0.10293584747422933,0.19497254309238216
100,0.11763025944533206,0.17658395391101317
