bootstrap_sample_percent,low,high
1,0.3681461925883878,0.46176115820290375
3,0.3898929037918064,0.43757754173759006
10,0.3989194685361709,0.4250972043217571
31,0.40707525579204573,0.4222131101483946
100,0.408736264710581,0.41766245035553207
