bootstrap_sample_percent,low,high
1,0.4256152397256121,0.5154597321294346
3,0.44039387150644177,0.49176542246996463
10,0.45518437276051094,0.4828839160373172
31,0.4601741673348181,0.4784626688215288
100,0.46294799118650165,0.4733532913340613
