bootstrap_sample_percent,low,high
1,0.08019981024880954,0.42747050979962775
3,0.1534133089613846,0.3435536210450091
10,0.2174413470600778,0.30750044118294184
31,0.23977060149590343,0.2909550048347108
100,0.25357147653775175,0.28425999240042066
