bootstrap_sample_percent,low,high
1,0.09178571575194254,0.40566853366104677
3,0.17663947253751008,0.3458374020245413
10,0.21595786802232353,0.32297610839183
31,0.2301437900673447,0.29214051009165476
100,0.24616307045342983,0.28030596930366203
