bootstrap_sample_percent,low,high
1,0.005609210453616778,0.31454905835788805
3,0.09601104200440444,0.25308195042850407
10,0.1284066317561068,0.21766516239536274
31,0.14046995594929088,0.19340009474057773
100,0.1604396582113396,0.18596669317361647
