bootstrap_sample_percent,low,high
1,0.47413266781205166,0.6546562445815296
3,0.5241343565621978,0.6108668263295665
10,0.5447985670294528,0.6049877398902213
31,0.55394972298735,0.5835247071519328
100,0.5601225121055895,0.5786698622191023
