bootstrap_sample_percent,low,high
1,0.4975765021295402,0.6671056300437515
3,0.528945722393902,0.6166348722547833
10,0.5454293973586031,0.6017218157229698
31,0.5611910768466366,0.5908729349473288
100,0.5660113514016953,0.5856295562705558
