bootstrap_sample_percent,low,high
1,0.4708377792679076,0.6485740022158675
3,0.5347681619988084,0.6093960457591626
10,0.5430140531278791,0.5991764179402679
31,0.5601331038784962,0.5869771043887904
100,0.5637671870589132,0.5832663999980421
