bootstrap_sample_percent,low,high
1,0.3043458596757907,0.7637656331272977
3,0.4143220156352222,0.6697678893177914
10,0.4568376838024303,0.6151180737326777
31,0.4934980551172301,0.5801500889839
100,0.5191887776758071,0.5620578345629679
