bootstrap_sample_percent,low,high
1,0.4664194366012667,0.6349545005848491
3,0.5034508815387226,0.5889848000247191
10,0.5218741956684196,0.5679627493588523
31,0.5305126343810842,0.5577149080481165
100,0.5368859531396188,0.5530413726581239
