bootstrap_sample_percent,low,high
1,0.4684301809243441,0.6114480652748172
3,0.5082797413857689,0.5866266880757658
10,0.5156666113881784,0.5659203540154817
31,0.5288919503595385,0.5539508174087266
100,0.5351366017439081,0.549794600578458
