bootstrap_sample_percent,low,high
1,0.40041934032878357,0.5463333713045124
3,0.44472361538200456,0.5291990433823083
10,0.45667501493520535,0.5029504075608292
31,0.4682943762459105,0.49764848328382816
100,0.4769537604506121,0.48929111750510923
