bootstrap_sample_percent,low,high
1,0.40808769428267905,0.5831878547344551
3,0.4471516058683994,0.5152357736141993
10,0.45964915915872484,0.5038589208176149
31,0.4695578827787037,0.49822790659297433
100,0.47444166114241476,0.49169852530708646
