bootstrap_sample_percent,low,high
1,0.40090587852139403,0.5586600301788702
3,0.4441321441998448,0.5220955741048575
10,0.4663334203850811,0.5068131127688358
31,0.4709441799302482,0.4949408141283829
100,0.47427683801343806,0.490595065398968
