simplicity,informativity,optimality
-8.302447220703124,15.209499886712356,-5.006301751805739
1.0575763495585342e-16,4.56037860232497e-52,5.576578106822244e-07
