simplicity,informativity,optimality
78.61416260267926,5.7302030886660065,106.45282746792303
0.0,1.4334226392772884e-08,0.0
