bootstrap_sample_percent,low,high
1,0.5909501703242386,0.7260138782209165
3,0.619134471638139,0.6938807858397595
10,0.6342040519101695,0.6718781095468518
31,0.6460776585379675,0.6684659916920974
100,0.6523264696683274,0.6635707656599211
