bootstrap_sample_percent,low,high
1,0.21331968273370494,0.7114388563742662
3,0.3603421014990846,0.5961313298326094
10,0.38220684383730197,0.5426303113351486
31,0.4154375655948813,0.5137320262904208
100,0.4371320207111066,0.4899949508042502
