bootstrap_sample_percent,low,high
1,0.660197428639398,0.7454338943159372
3,0.6839373376499676,0.7326335199913745
10,0.6901192831014868,0.7175945172564051
31,0.6936152112784788,0.7114858212770345
100,0.6999653015097722,0.70915537507623
