bootstrap_sample_percent,low,high
1,0.6461136904408424,0.7388687823925282
3,0.6781746360960086,0.7314500898130819
10,0.6814457275660186,0.7145544254106433
31,0.6914439125486027,0.7059690927256875
100,0.6933582256179767,0.7036491651533294
