bootstrap_sample_percent,low,high
1,0.4046101915533694,0.5587734755709612
3,0.43371017752053276,0.5311867366357019
10,0.45858631488794255,0.5068484222426972
31,0.46912179921224895,0.4951613877340572
100,0.4751012701416274,0.48921924252339777
