bootstrap_sample_percent,low,high
1,0.400353472173796,0.5475055052740248
3,0.4385662241379329,0.5208596681410708
10,0.4639011514379473,0.502128677367886
31,0.46912242787281644,0.498560565873205
100,0.47519047352683097,0.49072260998839345
