,complexity,comm_cost,optimality,N
Deontic Priority true,41.30875146530354,0.8226101999249388,0.8692715289355571,104074
Deontic Priority false,35.788480711711024,0.8986137538168653,0.8414553527945763,13039
population,40.69414155559161,0.8310722010622748,0.8661745617269442,117113
