stat,complexity,comm_cost,optimality
t-statistic,20.823682864500686,-101.0383722804065,39.07566335177464
Two-sided p-value,3.7725957042898986e-96,0.0,0.0
