stat,complexity,comm_cost,optimality
t-statistic,10.07871003874629,-48.34566921180251,16.47815064859873
Two-sided p-value,7.037624941521924e-24,0.0,6.293958175437227e-61
