bootstrap_sample_percent,low,high
1,0.5411979534517113,0.6901791442287476
3,0.5577266609995312,0.6568987117319376
10,0.5954107989704885,0.6401303740709314
31,0.6061539266653311,0.6342129723583572
100,0.6136808789837664,0.6266241244815185
