bootstrap_sample_percent,low,high
1,0.5327775096263723,0.6841452722936172
3,0.5818205643477752,0.6578030809998365
10,0.5966043997314363,0.6433379547577978
31,0.6089451172470985,0.634217007789506
100,0.6120826359996688,0.6263388330807595
