bootstrap_sample_percent,low,high
1,0.5497924536428898,0.6921672406821084
3,0.5755910819542576,0.669302360429304
10,0.6020089512871488,0.6463985434328445
31,0.6040979351929912,0.6340215841749035
100,0.6142858042244792,0.6277269762375106
