bootstrap_sample_percent,low,high
1,0.44188010283838774,0.5808074021914746
3,0.4646890649721872,0.5544155075720723
10,0.48970867426143433,0.5331835986684356
31,0.49719129632960934,0.5238295583933865
100,0.5019942392324096,0.5158096489784094
