bootstrap_sample_percent,low,high
1,0.4410462137151455,0.5743708474453879
3,0.4697827659430577,0.5441122764542582
10,0.4830254893094313,0.5272238754263368
31,0.4955734166975105,0.5221519148695246
100,0.5030086125016293,0.5165415345101035
