bootstrap_sample_percent,low,high
1,0.42645051384921695,0.5821836002134229
3,0.4752077521612945,0.5509182100033847
10,0.48586169729012596,0.5364763889823924
31,0.4974052041070466,0.5219780177674662
100,0.5031434754283877,0.517615801500883
