bootstrap_sample_percent,low,high
1,0.33049321615447413,0.4777721430507873
3,0.36826775953387925,0.4660410238707274
10,0.3917235515732289,0.44193624432650813
31,0.3972992701200575,0.4240826846435785
100,0.4038224160105205,0.4166732801854691
