bootstrap_sample_percent,low,high
1,0.34319618950007047,0.4929151804035449
3,0.35860952007832647,0.45024921072243596
10,0.38721761812921907,0.4374701135343855
31,0.3927720977281448,0.4239478080237138
100,0.4032645567811613,0.4194038451549884
