bootstrap_sample_percent,low,high
1,-0.26717915694792405,0.1468139382681198
3,-0.21475847978723583,0.043921802047013236
10,-0.1515856269163616,-0.010028494151422152
31,-0.11187588524186029,-0.043327136742897274
100,-0.0902257230327709,-0.0479731169328491
