bootstrap_sample_percent,low,high
1,0.32140391688499975,0.43318714790923185
3,0.3514125635712336,0.414743379985849
10,0.3641500130561214,0.3970735195814055
31,0.36822026508766625,0.3895530980126327
100,0.37574088073659884,0.3866739854401776
