bootstrap_sample_percent,low,high
1,0.31263337025205645,0.5008181653587569
3,0.3561766086846875,0.44855748423008124
10,0.3797555541375972,0.4340510829723979
31,0.3929352351491655,0.4186443632243031
100,0.39825107178756725,0.4147154224126544
