bootstrap_sample_percent,low,high
1,0.46405207811685895,0.6199371822079341
3,0.5157310208805398,0.5934320005914178
10,0.5228399430708398,0.577432324678994
31,0.5339134608054292,0.5636189111193499
100,0.5415889301848589,0.5564991737584686
