bootstrap_sample_percent,low,high
1,0.36734557522243705,0.44303060962788143
3,0.3812898966062863,0.42238250936625554
10,0.3953606739213924,0.417047466597264
31,0.39631649173486294,0.409608850705391
100,0.39907288533031277,0.40593465055825395
