bootstrap_sample_percent,low,high
1,0.3837923311470426,0.6022270901673912
3,0.44181251363236673,0.5357112703974115
10,0.46791089609899084,0.5254173764712544
31,0.4762429153633061,0.514964596642201
100,0.4842317444304042,0.504359482231315
