bootstrap_sample_percent,low,high
1,0.6194461996686328,0.8155376921330093
3,0.6687372264012528,0.7781188112363102
10,0.6863973338093072,0.7501282455218137
31,0.7028328241155575,0.7362528845957166
100,0.7100116918133113,0.7295534939093761
