bootstrap_sample_percent,low,high
1,0.22771881841736413,0.38807173063987543
3,0.2790317395541707,0.3603327367252675
10,0.2886935748616146,0.344861661356179
31,0.30283213325535835,0.33000366906307554
100,0.30948692344632023,0.3257236114146489
