bootstrap_sample_percent,low,high
1,0.5555872649625075,0.620325160373409
3,0.5643886112890498,0.6049067764147094
10,0.5760977672893041,0.5976657207626591
31,0.5787997129380035,0.5915643029981107
100,0.5822745947581545,0.5889006067751734
