bootstrap_sample_percent,low,high
1,-0.032830790699962045,0.1643956502289476
3,-0.001708293530391817,0.11057829150922915
10,0.03267957307783479,0.09184897465275091
31,0.04399729287733761,0.08076207276098932
100,0.05123003191771773,0.06990612030562521
