bootstrap_sample_percent,low,high
1,0.17792897676267186,0.32266505864996775
3,0.22662105023489643,0.30267747263114075
10,0.23719279762034168,0.2826262751189278
31,0.2441949122000092,0.2715559483917068
100,0.25289564034770123,0.26598436124091274
