bootstrap_sample_percent,low,high
1,0.2780850257676402,0.4111651146456932
3,0.30075302630755074,0.3654983356362549
10,0.311325884874763,0.35358559763981656
31,0.32082832615207646,0.3456234020589809
100,0.32782759991312416,0.33929671074115886
