bootstrap_sample_percent,low,high
1,0.25964458139395435,0.5391912347225234
3,0.29112842063876276,0.49043959031559553
10,0.33399654149574387,0.4399366165943246
31,0.3609284028130766,0.4256184023520988
100,0.3789278420611783,0.4075315173107455
