bootstrap_sample_percent,low,high
1,-0.009219304875233,0.15334499382320674
3,0.03115076305091367,0.10040738201147861
10,0.04852005968321939,0.09420014700515689
31,0.04998154875283807,0.07825622310787339
100,0.05733009283135266,0.07621243379070952
