bootstrap_sample_percent,low,high
1,0.48117280920529093,0.5658196246431404
3,0.4998596181454939,0.5455547710391777
10,0.5155343715878961,0.5374113890611916
31,0.5184709520401514,0.5335550074017947
100,0.522202923975438,0.5293941753565337
