bootstrap_sample_percent,low,high
1,-0.09468409831734165,0.23381395780715558
3,-0.020796898538532053,0.18222185283222087
10,0.036821245150492524,0.1270840644392691
31,0.05874111720836721,0.10562534098930722
100,0.07044377821414313,0.0976966863356176
