bootstrap_sample_percent,low,high
1,-0.0016823062548078469,0.16738209514352564
3,0.04336900786103384,0.1535129469913759
10,0.05481976321207617,0.11839411892225814
31,0.07440014356303652,0.10485960490742142
100,0.08240974586244386,0.10317528628325821
