bootstrap_sample_percent,low,high
1,-0.16212821728162616,0.27855205171362796
3,-0.029588330844703813,0.19131653779055535
10,0.008487064909225427,0.1263395283307853
31,0.029918129310879813,0.09919024277726898
100,0.04572647046800412,0.08651771116828552
