bootstrap_sample_percent,low,high
1,0.04299095037005127,0.23258760876649714
3,0.09086053275421727,0.20775728867720777
10,0.1008751496482446,0.1682610798433799
31,0.12016745904550968,0.15669815682457422
100,0.12526923134174606,0.14659054174652314
