name,simplicity,informativity,optimality
natural_means,0.7949999999999999,0.956111111111111,0.8624220915990556
dlsav_means,0.6791703769664589,1.5093898868132412,0.5311610414974465
population_means,0.5413661322971683,0.9614518855187938,0.6295182423899767
