name,simplicity,informativity,optimality
natural_means,0.7949999999999999,0.759960797281358,0.9270519501900438
dlsav_means,0.6405527580682078,0.7505868841971879,0.8479368494212901
population_means,0.3913603197390796,0.612251394436698,0.6548101574636873
