name,simplicity,informativity,optimality
natural_means,0.7783783783783784,0.7678968248022755,0.951808517232428
population_means,0.8073990386875884,0.5356531360313664,0.8965546399422271
