name,simplicity,complexity,informativity,optimality
natural_means,0.7657200000000001,16.4,0.7679,0.95114
population_means,0.6858501134089392,21.990527018012006,0.6078973582388257,0.847753689126084
