name,simplicity,informativity,optimality
natural_means,0.7783783783783784,0.7678968248022755,0.9181047818086204
population_means,0.8083184658888884,0.5357165588659225,0.5237245508227191
