name,simplicity,informativity,optimality
natural_means,0.7783783783783784,0.7678968248022754,0.9978340943183014
population_means,0.7548706682142265,0.6060448298445406,0.959352702479144
