simplicity,informativity,optimality
0.7783783783783784,0.7678968248022754,0.7177923956809028
0.7556392242217864,0.6103295368979642,0.8299947271108103
