name,simplicity,complexity,informativity,optimality
natural_means,0.7657200000000001,16.4,0.7679,0.95624
population_means,0.6839967605633802,22.120281690140846,0.6028421549295775,0.8522266478873239
