name,simplicity,complexity,informativity,optimality
natural_means,0.7657200000000001,16.4,0.7679,0.9518800000000001
population_means,0.6883774692166622,21.81359706575845,0.606645585538381,0.849991419963322
