name,simplicity,informativity,optimality
natural_means,0.7783783783783784,0.768,0.9465999999999999
population_means,0.7587295647151732,0.6032584496293065,0.8858519406890537
