name,simplicity,informativity,optimality
gitksan,0.7837837837837838,0.8333333327583332,0.6713746543608794
tlingit,0.7297297297297297,0.5505952379809381,0.8732921475648143
javanese,0.7297297297297297,0.9166666659833331,0.6149466823630139
logoori,0.8378378378378378,0.7333333325091427,0.7395624424378737
lillooet,0.8108108108108107,0.8055555547796296,0.6897860516779326
natural_means,0.7783783783783784,0.7678968248022754,0.7177923956809028
population_means,0.7556392242217864,0.6103295368979642,0.8299947271108103
