name,simplicity,informativity,optimality
natural_means,0.7949999999999999,0.7514444444444444,0.9544759535226361
dlsav_means,0.6434949267192784,0.7124991369761453,0.8498803941773692
population_means,0.6040791850868429,0.6255852289638383,0.7955821756159327
