name,simplicity,informativity,optimality
natural_means,0.7783783783783782,0.7678968248022754,0.9977511274834381
population_means,0.8067314350988919,0.5375944590458984,0.9868033996587648
