simplicity,informativity,optimality
47.84521871266846,36.438621745152574,-14.047192213787426
0.0,1.123714067771956e-218,1.253627196243656e-42
