simplicity,complexity,informativity,optimality
3.5753355399542244,-3.5751760563380297,2.6730875929472004,3.2830090025154997
0.023264455581048112,0.02326777291086028,0.055626970218899105,0.030414582319958798
