simplicity,informativity,optimality
12.681693385141582,-0.038964716503699814,4.136454910298858
0.0002226643255388928,0.9707857024003019,0.014418002499916118
