simplicity,informativity,optimality
124.7521669530176,52.85587244374135,161.32918467429317
0.0,0.0,0.0
