simplicity,complexity,informativity,optimality
3.494252627156312,-3.4940793862575052,2.591219316767951,3.3791381882248173
0.025026148177983456,0.025030078770118692,0.060605979019539326,0.027807602505514697
