simplicity,informativity,optimality
-1.3422055393009638,3.7613779810153254,1.9029471045439847
0.2506481129695411,0.01975129796083948,0.12979693009162976
