simplicity,complexity,informativity,optimality
3.383682548146293,-3.383498166099033,2.611491592062235,3.3059936864154107
0.027691057752356238,0.027695775135723456,0.05932694047622578,0.029765838042857262
