simplicity,complexity,informativity,optimality
4.770696989528794,-4.770696989528798,1.8884082261155848,0.9112267011865761
0.008835558850667714,0.00883555885066769,0.13199291608141658,0.41372330838750465
