simplicity,informativity,optimality
-1.3113288733237585,3.729936654538196,8.39432747460254
