simplicity,complexity,informativity,optimality
3.0165575916230347,-3.0165575916230374,1.4133485268456616,-0.24374959441142158
0.2037838866999787,0.20378388669997852,0.39201019315118435,0.8477922769796551
