simplicity,informativity,optimality
14.356496444731736,-0.8427890314830447,5.075700211205606
0.00013678515601499893,0.44679200450538914,0.007102041795366432
