simplicity,informativity,optimality
0.9087576319232432,2.669231620270018,2.2181167710547105
0.41488023843908334,0.05585064186112445,0.09080222336108915
