simplicity,informativity,optimality
20.18198401304602,2.6207213382094645,13.038546120499804
3.558121399054938e-05,0.05875489790509846,0.0001997068209510513
