simplicity,informativity,optimality
1.0872315950920244,2.6213264749594543,28.999020924292093
