simplicity,informativity,optimality
19.79987727315575,30.626539097653332,45.8122390579174
1.1181456450035376e-83,4.945995354508411e-187,0.0
