simplicity,informativity,optimality
61.40311887625994,42.336849870504814,-12.262763269692547
0.0,2.005148e-314,7.487489437505794e-34
