simplicity,informativity,optimality
9.546040745657853,1.6426445327498997,5.5643905946981125
0.0006725671518772601,0.17580119757453128,0.00510872822573926
