simplicity,informativity,optimality
-1.384729047361089,3.7603507959294586,8.06315791871082
