name,simplicity,informativity,optimality
natural_means,0.7412935323383084,0.5896776406035665,0.9188777565214826
dlsav_means,0.8462546203153511,0.4983527806803668,0.9569398246532655
deontic_priority_means,0.7254275320436541,0.38441106619079757,0.8511678589316501
epistemic_priority_means,0.7254275320436541,0.38441106619079757,0.8511678589316501
circ_priority_means,0.7254275320436541,0.38441106619079757,0.8511678589316501
dp_restricted_means,0.7254275320436541,0.38441106619079757,0.8511678589316501
population_means,0.7254275320436541,0.38441106619079757,0.8511678589316501
