name,simplicity,informativity,optimality
natural_means,0.7972070431086825,0.5896776406035664,0.9399540883543946
dlsav_means,0.8622789506583591,0.42722370279258337,0.9441608354035212
deontic_priority_means,0.657780475643756,0.3376441208145185,0.7878999283717871
epistemic_priority_means,0.657780475643756,0.3376441208145185,0.7878999283717871
circ_priority_means,0.657780475643756,0.3376441208145185,0.7878999283717871
dp_restricted_means,0.657780475643756,0.3376441208145185,0.7878999283717871
population_means,0.657780475643756,0.3376441208145185,0.7878999283717871
