name,simplicity,informativity,optimality
natural_means,0.7972070431086826,0.5896776406035665,0.9387804563837866
dlsav_means,0.862278950658359,0.42722370279258337,0.9440014872557395
deontic_priority_means,0.6578019630719014,0.33766812806736796,0.7879038112432392
epistemic_priority_means,0.6578019630719014,0.33766812806736796,0.7879038112432392
circ_priority_means,0.6578019630719014,0.33766812806736796,0.7879038112432392
dp_restricted_means,0.6578019630719014,0.33766812806736796,0.7879038112432392
population_means,0.6578019630719014,0.33766812806736796,0.7879038112432392
