stat,simplicity,informativity,optimality
t-statistic,25.389638516763632,10.970274703657926,53.10065585731942
Two-sided p-value,1.6668986475708167e-80,3.553147492099853e-24,1.1818074831682424e-166
