stat,simplicity,informativity,optimality
t-statistic,8.794821197332968,10.570428677738228,17.868016301486836
Two-sided p-value,2.8629003127841064e-09,6.596048492085094e-11,4.0241868724865193e-16
