stat,simplicity,informativity,optimality
t-statistic,8.796176801364608,10.571435651449015,18.079613529670166
Two-sided p-value,2.8542260190952477e-09,6.58270048460605e-11,3.028974298808791e-16
