stat,simplicity,informativity,optimality
t-statistic,0.6520458030014159,8.580270311684243,5.563606636786495
Two-sided p-value,0.5200948405189244,4.642116197763138e-09,7.644024272503444e-06
