stat,simplicity,informativity,optimality
t-statistic,24.39057934723649,10.39312595636849,52.092480746050946
Two-sided p-value,8.341555027987829e-75,5.64239695534714e-22,9.413789238018251e-158
