stat,simplicity,informativity,optimality
t-statistic,92.87338869756812,22.293572154744957,132.36938123645163
Two-sided p-value,0.0,2.872437246536096e-86,0.0
