stat,simplicity,informativity,optimality
t-statistic,0.7592793696355533,8.609816601435464,6.324246179147779
Two-sided p-value,0.4545147871272791,4.341617668798496e-09,1.0723938359751743e-06
