stat,simplicity,informativity,optimality
t-statistic,92.88314828122508,22.299548415019974,132.55985548100904
Two-sided p-value,0.0,2.644141771192865e-86,0.0
