,complexity,comm_cost,optimality,N
Deontic Priority true,41.30875146530354,0.8159331198441812,0.8643019413526697,104074
Deontic Priority false,35.788480711711024,0.8922638170145647,0.8382221734321277,13039
population,40.69414155559161,0.8244315441045504,0.8613983004766272,117113
