stat,complexity,comm_cost,optimality
t-statistic,10.078710038746289,-47.242567480094024,14.417750882464613
Two-sided p-value,7.037624941522024e-24,0.0,4.443221008312377e-47
