stat,complexity,comm_cost,optimality
t-statistic,20.823682864500693,-99.27206608499625,34.44851960835734
Two-sided p-value,3.772595704289145e-96,0.0,6.729639671570696e-259
