name,simplicity,informativity,optimality
natural_means,0.7972070431086825,0.8341913323246246,0.9346524721109373
dlsav_means,0.8623956552348385,0.665123558228139,0.8608464722140898
deontic_priority_means,0.6577907310071891,0.6456106254769586,0.7491006670223421
epistemic_priority_means,0.6577907310071891,0.6456106254769586,0.7491006670223421
circ_priority_means,0.6577907310071891,0.6456106254769586,0.7491006670223421
dp_restricted_means,0.6577907310071891,0.6456106254769586,0.7491006670223421
population_means,0.6577907310071891,0.6456106254769586,0.7491006670223421
