name,simplicity,informativity,optimality
natural_means,0.7412935323383084,0.8054866857022261,0.889702818830183
dlsav_means,0.8408500973393899,0.6636030330291914,0.8527233452979438
deontic_priority_means,0.7217367111809374,0.6616840166153765,0.7919119343849721
epistemic_priority_means,0.7217367111809374,0.6616840166153765,0.7919119343849721
circ_priority_means,0.7217367111809374,0.6616840166153765,0.7919119343849721
dp_restricted_means,0.7217367111809374,0.6616840166153765,0.7919119343849721
population_means,0.7217367111809374,0.6616840166153765,0.7919119343849721
