stat,simplicity,informativity,optimality
t-statistic,8.794667151420285,14.285382409792755,19.980315061544825
Two-sided p-value,2.8638877385801895e-09,8.0312596787342e-14,2.6652830382152894e-17
