stat,simplicity,informativity,optimality
t-statistic,93.147384089785,4.407164700874663,35.740043015784046
Two-sided p-value,0.0,1.1875218266224866e-05,5.802494901926048e-169
