stat,simplicity,informativity,optimality
t-statistic,8.795529808531317,11.273199344181531,19.07806838107514
Two-sided p-value,2.8583626528497903e-09,1.6523593822005132e-11,8.229408340403006e-17
