stat,simplicity,informativity,optimality
t-statistic,93.34805633545064,5.683041430812999,37.62726608425271
Two-sided p-value,0.0,1.8415416149302034e-08,1.827386154389224e-180
