stat,simplicity,informativity,optimality
t-statistic,24.742911010692044,0.24256684206163356,14.249056201269429
Two-sided p-value,3.2431588225693383e-80,0.8084764716653403,5.618018911293213e-37
