stat,simplicity,informativity,optimality
t-statistic,0.9359063761928039,7.308412935795227,7.548997508674218
Two-sided p-value,0.35793361265194257,9.230011618465678e-08,5.1589939009109453e-08
