name,simplicity,informativity,optimality
natural_means,0.7972070431086825,0.6685344048299973,0.933412042413097
dlsav_means,0.8625395807447193,0.474219367128747,0.9242752512958048
deontic_priority_means,0.6577794989424767,0.474363283677529,0.790148842619903
epistemic_priority_means,0.6577794989424767,0.474363283677529,0.790148842619903
circ_priority_means,0.6577794989424767,0.474363283677529,0.790148842619903
dp_restricted_means,0.6577794989424767,0.474363283677529,0.790148842619903
population_means,0.6577794989424767,0.474363283677529,0.790148842619903
