name,simplicity,informativity,optimality
natural_means,0.7972070431086823,0.7268610731780522,0.9441852180323627
dlsav_means,0.8625117884302828,0.4792130464358982,0.92395238093648
deontic_priority_means,0.6577824290463147,0.47435531988111185,0.7898299078537043
epistemic_priority_means,0.6577824290463147,0.47435531988111185,0.7898299078537043
circ_priority_means,0.6577824290463147,0.47435531988111185,0.7898299078537043
dp_restricted_means,0.6577824290463147,0.47435531988111185,0.7898299078537043
population_means,0.6577824290463147,0.47435531988111185,0.7898299078537043
