stat,simplicity,informativity,optimality
t-statistic,8.796053564634441,10.259854209002526,18.422427431780783
Two-sided p-value,2.8550134753343587e-09,1.2393362648168267e-10,1.9231272583777264e-16
