stat,simplicity,informativity,optimality
t-statistic,8.79623841972968,7.726451576259337,15.092648467059497
Two-sided p-value,2.8538323745763026e-09,3.375100505429387e-08,2.2311211554959262e-14
