stat,simplicity,informativity,optimality
t-statistic,93.24828237453664,0.8983383455801831,107.78854732296791
Two-sided p-value,0.0,0.3692701840626448,0.0
