stat,simplicity,informativity,optimality
t-statistic,93.36899884594304,-0.026516597340310994,103.96792179909892
Two-sided p-value,0.0,0.9788517708189137,0.0
