stat,simplicity,informativity,optimality
t-statistic,0.41932573968888964,6.997416124653207,4.796896682631612
Two-sided p-value,0.6784224975992517,1.978991859941505e-07,5.744625640580299e-05
