stat,simplicity,informativity,optimality
t-statistic,22.174799482493086,0.5158456209021373,31.511982834372414
Two-sided p-value,5.310557483475302e-66,0.6063287622275375,8.170601822979732e-99
