name,simplicity,informativity,optimality
natural_means,0.38666666666666666,0.4046871150529688,0.8207978554866106
dlsav_means,0.37266666666666665,0.3768034768415866,0.7927548692247525
deontic_priority_means,0.3098136645962733,0.3785287608193229,0.7684414448741635
epistemic_priority_means,0.31589743589743585,0.34816748104349726,0.7473427854492503
circ_priority_means,0.30628571428571433,0.3591802901254121,0.7520246764131093
dp_restricted_means,0.36410256410256414,0.3856553338260656,0.7943409116136116
population_means,0.30357723577235773,0.35624817645688167,0.7493547802958606
