name,simplicity,informativity,optimality
natural_means,0.41333333333333333,0.41429539295392953,0.8755722317834084
dlsav_means,0.39322580645161287,0.38229102094906575,0.8417793924867625
deontic_priority_means,0.33968253968253964,0.3736011554439738,0.8228925994528471
epistemic_priority_means,0.3473913043478261,0.34350547495099465,0.7994088863759948
circ_priority_means,0.335609756097561,0.35475047170094764,0.805838026808893
dp_restricted_means,0.3921739130434783,0.37931709727176327,0.8393376328657947
population_means,0.33730103806228373,0.3513109191330982,0.8034750717433833
