name,simplicity,informativity,optimality
natural_means,0.41333333333333333,0.41429539295392964,0.8402573806677135
dlsav_means,0.39516129032258057,0.3829449341964094,0.8144696141806835
deontic_priority_means,0.3361290322580645,0.3718251390114097,0.7981306595524663
epistemic_priority_means,0.3438674033149171,0.34118157385742615,0.7723647601562361
circ_priority_means,0.3314285714285714,0.3523474213426493,0.7810444231465894
dp_restricted_means,0.39217391304347826,0.37931709727176327,0.8114238682987402
population_means,0.334965034965035,0.3499220737995683,0.7783138561197781
