stat,simplicity,informativity,optimality
t-statistic,0.1731870708141073,5.200828714565014,4.0410747529582185
Two-sided p-value,0.8626907072856947,5.154837268882027e-07,7.750087002619578e-05
