stat,simplicity,informativity,optimality
t-statistic,1.1120549423820554,5.186140513699106,5.3192654963912425
Two-sided p-value,0.31670426156969783,0.0035073032417124355,0.0031420571122876095
