stat,simplicity,informativity,optimality
t-statistic,1.122862036847344,5.11287036531989,5.509320155310689
Two-sided p-value,0.312500750506611,0.0037294579448263715,0.0026949788223693855
