stat,simplicity,informativity,optimality
t-statistic,0.43756030227648124,5.171481428471348,2.713992808234201
Two-sided p-value,0.6622951213460658,6.858788337906654e-07,0.0073767647555968525
