stat,simplicity,informativity,optimality
t-statistic,4.7807568602674015,3.990262766685045,6.714575688211009
Two-sided p-value,5.044518538414656e-06,0.00011448608437468586,6.809585471728974e-10
