stat,simplicity,informativity,optimality
t-statistic,3.547189727271314,5.994956274305424,7.795668472429735
Two-sided p-value,0.000551912740485451,2.0948844933765668e-08,2.320274813568874e-12
