stat,simplicity,informativity,optimality
t-statistic,3.144259941959562,6.204012830675546,6.869106296392099
Two-sided p-value,0.002110786794168905,8.588973855172467e-09,3.3187961336014244e-10
