stat,simplicity,informativity,optimality
t-statistic,1.0893917529382644,5.00256090417822,4.7741875178821855
Two-sided p-value,0.32567836733822536,0.004095726232022679,0.004996254565364623
