stat,simplicity,informativity,optimality
t-statistic,0.08433622483262543,5.142152404453319,4.471975983066067
Two-sided p-value,0.9328803042301552,6.878545328085225e-07,1.3497140962324088e-05
