stat,simplicity,informativity,optimality
t-statistic,1.3108494862003899,2.498238797125973,2.516228612782618
Two-sided p-value,0.24688353961862736,0.0546076258193586,0.053420038080052155
