stat,simplicity,informativity,optimality
t-statistic,0.11412552582619188,5.266984549591963,4.258232382801057
Two-sided p-value,0.9092627211503499,3.8470474853625033e-07,3.281795067663198e-05
