stat,simplicity,informativity,optimality
t-statistic,3.7631408123807564,6.180759415138311,6.9913492625015525
Two-sided p-value,0.000258454950918194,8.592357651741505e-09,1.5267710740226527e-10
