,complexity,comm_cost,optimality,N
Deontic Priority true,41.30875146530354,0.744710932316099,0.831710510972686,104074
Deontic Priority false,35.788480711711024,0.824531157790027,0.8187341251234074,13039
population,40.69414155559161,0.7535978698888242,0.8302657602183825,117113
