stat,complexity,comm_cost,optimality
t-statistic,20.82368286450069,-82.64014021838341,11.052333793900408
Two-sided p-value,3.772595704289575e-96,0.0,2.1980287178047006e-28
