stat,complexity,comm_cost,optimality
t-statistic,10.078710038746292,-37.52573364969511,5.10459927040814
Two-sided p-value,7.037624941521773e-24,3.962072041751013e-306,3.320781927802041e-07
