simplicity,informativity,optimality
73.26463917333191,8.17988373586793,132.28280971526857
0.0,1.1024316923728231e-15,0.0
