simplicity,informativity,optimality
4.757164300005161,14.28550402926407,19.413395739820487
6.38021399119824e-05,8.029675881743393e-14,5.383578177976964e-17
