stat,complexity,comm_cost,optimality
t-statistic,20.82368286450069,-93.81058501511933,-5.045863133600683
Two-sided p-value,3.772595704289575e-96,0.0,4.5207548701200775e-07
