bootstrap_sample_percent,low,high
1,-1.0,
3,-0.3042802693814405,0.7772597095273988
10,0.0832798405774926,0.6084384646366643
31,0.19608942422745412,0.5081487690796349
100,0.2371358434192512,0.4511062396539377
