bootstrap_sample_percent,low,high
1,-1.0,
3,-0.4672229796793399,0.8497727721651039
10,-0.11099692122855542,0.5909202121671462
31,0.12058484124015145,0.4682624138860211
100,0.19432383203908044,0.37953784280528974
