bootstrap_sample_percent,low,high
1,-1.0,
3,-0.06134068938232904,0.9169865516820386
10,0.20958703669142287,0.7067074828519746
31,0.3330227253308059,0.611916613838105
100,0.3868021875004489,0.5471566856088406
