bootstrap_sample_percent,low,high
1,-0.7919562230086843,
3,-0.20378732051889786,0.7222378677071054
10,0.027878372815280286,0.5166039450352712
31,0.17718505413683888,0.4149013052868873
100,0.19479863901802555,0.3618321125686368
