bootstrap_sample_percent,low,high
1,-0.09116533356694496,0.8260126230635322
3,0.11371874773612048,0.6523391986327087
10,0.28995801823594225,0.5914644265864959
31,0.3588264592251602,0.5121916217701529
100,0.40271071561054056,0.49185589252916295
