bootstrap_sample_percent,low,high
1,-1.0,
3,-0.011451068517055393,0.8829413856523175
10,0.20275137774267687,0.7526430584227685
31,0.3287231788899305,0.6465165754054072
100,0.43619722838421027,0.5866970833871508
