bootstrap_sample_percent,low,high
1,-0.8920131303957972,
3,-0.3824645346518165,0.497274372768188
10,-0.08302604184177426,0.3120012923826132
31,-0.042192849542467124,0.19862829564542023
100,0.006057907237395989,0.15883532045528576
