bootstrap_sample_percent,low,high
1,-0.4970251285184041,0.9050377786272137
3,-0.0818880714791988,0.6410935017095215
10,0.07640226039548452,0.5422649952853658
31,0.2261307957620547,0.46588305935700947
100,0.284461281261154,0.4137786820217222
