bootstrap_sample_percent,low,high
1,0.06946569061172707,0.7877350148586739
3,0.18660017327695774,0.6303227484138816
10,0.28813122298590366,0.5569474638126768
31,0.3471085889792087,0.505210557727914
100,0.385114460745922,0.461474703226571
