bootstrap_sample_percent,low,high
1,-0.7800701626842456,
3,-0.07837962035464446,0.74497456865616
10,0.05445412945048786,0.5798796015474029
31,0.16563045353978048,0.448034159822027
100,0.2471987077588786,0.39541241618550527
