bootstrap_sample_percent,low,high
1,-0.4599707189003248,0.9245938353776284
3,-0.05883602473040584,0.6600861646499039
10,0.10059375295105731,0.5660280866561305
31,0.2441354760429639,0.47484803555530647
100,0.30104879264316275,0.4339789331411013
