bootstrap_sample_percent,low,high
1,-1.0,
3,-0.1559450015024783,0.8343319008142078
10,0.18944729804110472,0.65534274176414
31,0.3085057806150917,0.5381374784685601
100,0.36622811745784933,0.49905687918907105
