bootstrap_sample_percent,low,high
1,-1.0,
3,-0.17876736003504193,0.8529824738051948
10,0.14580591641258725,0.6673453432580623
31,0.2706072431465596,0.533092702301583
100,0.35101983934141623,0.4969165268337553
