bootstrap_sample_percent,low,high
1,-1.0,
3,-0.21450864748924253,0.8298143173502155
10,0.31009234703129274,0.7437047117375506
31,0.4221078975233561,0.6341085412662435
100,0.4589198250844311,0.5842863513001726
