bootstrap_sample_percent,low,high
1,-1.0,
3,-0.44684383190332183,0.7117369949251122
10,-0.030486283456973736,0.49008137173525146
31,0.0805251226868473,0.36485388294558707
100,0.13223512545620816,0.30903153389293814
