bootstrap_sample_percent,low,high
1,-1.0,
3,-0.3289023266998745,0.7502889990562921
10,-0.11496578425771878,0.516273666176243
31,0.04693468665516788,0.3645824877264196
100,0.14091267624507042,0.30282992041489154
