bootstrap_sample_percent,low,high
1,-0.49283549239338914,0.5147024007248769
3,-0.33633760356288694,0.36149720151936343
10,-0.14188645200604802,0.1596092544859343
31,-0.08810541068643804,0.1017548313229504
100,-0.03801160526243221,0.05577475086779858
