bootstrap_sample_percent,low,high
1,-0.3954284963519441,0.9494632526640634
3,-0.02187638548314104,0.7731525394780234
10,0.22050124251024122,0.5651646571926359
31,0.27001995750986374,0.47289623589223573
100,0.3091563625731804,0.42802953256892473
