bootstrap_sample_percent,low,high
1,-0.8627022130865902,
3,-0.129388267215933,0.7345958384100759
10,0.028263705944662064,0.5206545101857636
31,0.15051599732162507,0.45119427616104224
100,0.21901051876233518,0.36403862589896496
