bootstrap_sample_percent,low,high
1,-1.0,
3,-0.39342028836495513,0.7520742827866201
10,-0.04753814497745469,0.48121003679589003
31,0.025931302972734795,0.36373714405728164
100,0.14032889429181622,0.2996746452869741
