bootstrap_sample_percent,low,high
1,-1.0,
3,-0.2742304364521711,0.903671046000717
10,-0.025353813555030955,0.5396850121879693
31,0.14788222496535713,0.418085012939832
100,0.23351722557850235,0.3722753985931056
