bootstrap_sample_percent,low,high
1,0.528740798986453,0.6012276280075722
3,0.5400988347351401,0.5848953324625367
10,0.55001294202113,0.5743554950958936
31,0.5563363971241855,0.5687323780584397
100,0.5589125641133914,0.5671305032528743
