bootstrap_sample_percent,low,high
1,0.636918284215739,0.7028163248254096
3,0.6561057958765383,0.6970415218352408
10,0.6648173047299193,0.6839468593047324
31,0.6702915683854782,0.6800399632552769
100,0.6714565210850347,0.6770820327579621
