bootstrap_sample_percent,low,high
1,0.5228369241241985,0.5929653549655165
3,0.5395572564363954,0.585093541313593
10,0.5461846666178254,0.5735119756539663
31,0.5543463099944101,0.5685820627415848
100,0.5584728526038628,0.5652511392965013
