bootstrap_sample_percent,low,high
1,0.5214985554766312,0.5997759928237805
3,0.5412974017053849,0.5811440686404696
10,0.5512148820568338,0.577000882550105
31,0.5568080215542417,0.5690116528538438
100,0.559295900572182,0.5664089924918404
