bootstrap_sample_percent,low,high
1,0.5217930305184858,0.5859605294052721
3,0.529422338533338,0.5739283221698862
10,0.5410000423767694,0.5638490313473039
31,0.5459266802899536,0.5590142549513825
100,0.5486565088741611,0.5566638456062913
