bootstrap_sample_percent,low,high
1,0.6224818542744802,0.682948393876466
3,0.6411361562553416,0.6742342992775092
10,0.650959874420314,0.6706632412725964
31,0.6542590949456057,0.6648321084881814
100,0.6556038949953216,0.6623894045926728
