bootstrap_sample_percent,low,high
1,0.5266906991570706,0.5928509621262334
3,0.540261546136551,0.5851022738046304
10,0.54608718967829,0.5733441672273443
31,0.5543032318430663,0.5684892355471849
100,0.5583831598637693,0.5651507563286893
