bootstrap_sample_percent,low,high
1,0.508728876056382,0.5881817527569995
3,0.5339477168787288,0.5754304804802657
10,0.5393259504007286,0.5650221591886895
31,0.5444798791762171,0.5601858970016655
100,0.5487380994210436,0.5558786971915567
