bootstrap_sample_percent,low,high
1,0.5283227967230765,0.6263651922784694
3,0.5615215662414075,0.6039256995310982
10,0.5701642052297888,0.5933185383288201
31,0.5751504832745357,0.5898883479746755
100,0.5790750836175053,0.5863496806300057
