bootstrap_sample_percent,low,high
1,0.5649914329898715,0.6384470400867737
3,0.5830935915524749,0.631023345656996
10,0.5923339927173638,0.6159905166120934
31,0.5992704682523696,0.6117417008031036
100,0.6014492563170675,0.60953865650502
