bootstrap_sample_percent,low,high
1,0.5153125188145481,0.6126592621334933
3,0.5373525604030874,0.5874898364769796
10,0.5541383369373132,0.5832389831092932
31,0.5574401596801459,0.5741740285118193
100,0.560856251252782,0.5708504557090474
