bootstrap_sample_percent,low,high
1,0.5532837715700102,0.6266703633324713
3,0.5612435565925359,0.6056973496531284
10,0.5710231611150124,0.5977566250918094
31,0.5787221697592785,0.5931566866671715
100,0.5813560593482152,0.5896407441818665
