bootstrap_sample_percent,low,high
1,0.5705174763945577,0.6474120521164808
3,0.5937428831475876,0.630823812816308
10,0.5957701347911215,0.6220569861056515
31,0.6030144159082251,0.6153782473434355
100,0.6065060683902292,0.6126956255911573
