bootstrap_sample_percent,low,high
1,0.574693512166861,0.6489153650023322
3,0.5867646513093017,0.6298322619101935
10,0.5989285848708806,0.6208701298223366
31,0.6020199611803694,0.615848486351035
100,0.6055427721701332,0.6133569157991834
