bootstrap_sample_percent,low,high
1,0.5299391494043979,0.6189841300657466
3,0.5609073885160758,0.6044243252256691
10,0.5705728111831423,0.5940163616457921
31,0.5750456107251793,0.5898331747868344
100,0.5790398555805203,0.586319590665372
