bootstrap_sample_percent,low,high
1,0.5585218103001021,0.6435338675881055
3,0.5845330859783731,0.6232827596211905
10,0.5922773370337908,0.61928165980302
31,0.6000182385828357,0.61230037728965
100,0.6020546015994881,0.609179529350375
