bootstrap_sample_percent,low,high
1,0.3810436040505505,0.46960530899222275
3,0.40045192093110427,0.4545790103447873
10,0.4128832211830395,0.4446018078259395
31,0.41764011299033343,0.43902164049893627
100,0.4252244996196053,0.43363666604691065
