bootstrap_sample_percent,low,high
1,0.3369611558698262,0.45195609530003544
3,0.3678487325032278,0.42373338019891926
10,0.3853657174117699,0.41845159728261483
31,0.3912731789165004,0.40934107482496684
100,0.3959456065228964,0.40886390692469476
