bootstrap_sample_percent,low,high
1,0.4359056694067659,0.5259076946989292
3,0.45930568541162037,0.5070378382054206
10,0.4681669958635558,0.495547287576214
31,0.47361302841570335,0.48906969477142437
100,0.4766964043609827,0.4862078778397512
