bootstrap_sample_percent,low,high
1,0.4049112446879861,0.5132987265045408
3,0.4340048726144707,0.4953708496492701
10,0.44361038240440265,0.4759903069098913
31,0.45018305045616996,0.46980780049933135
100,0.45514878303655515,0.4645597631183832
