bootstrap_sample_percent,low,high
1,0.3214480252961761,0.4426655418312294
3,0.35265556571536294,0.40886641014258585
10,0.36332976502331515,0.3980130283838329
31,0.3704491437512845,0.38880242151050814
100,0.3747573406700134,0.38463674851839297
