bootstrap_sample_percent,low,high
1,0.4264749189058924,0.516291236340704
3,0.44738660575679934,0.49782349099872947
10,0.460243335063641,0.49101583188991227
31,0.46779992978528495,0.48250203922462365
100,0.47034079107965354,0.4785575411188166
