bootstrap_sample_percent,low,high
1,0.43519702525526793,0.5223348565481383
3,0.45702569635532525,0.50823177464036
10,0.4690478189002134,0.49551010545905927
31,0.4734898235121192,0.4909301766037304
100,0.47720215259852194,0.48602765533132364
