bootstrap_sample_percent,low,high
1,0.43794593335317034,0.5143102497369649
3,0.44791106477844767,0.500015367747263
10,0.4612947711734767,0.4859698976518678
31,0.4672057652952757,0.48272394930775026
100,0.47002503525388395,0.47737311918130587
