,complexity,comm_cost,optimality,N
Deontic Priority true,41.30875146530354,0.8405869539885172,0.8856276049358336,104074
Deontic Priority false,35.788480711711024,0.9157097375153663,0.8526382475912785,13039
population,40.69414155559161,0.8489508928715326,0.881954671696862,117113
