stat,complexity,comm_cost,optimality
t-statistic,10.078710038746292,-51.45701694900041,24.642296323142812
Two-sided p-value,7.037624941521773e-24,0.0,1.0787415595486883e-133
