stat,complexity,comm_cost,optimality
t-statistic,20.823682864500686,-105.8585680196236,56.14004311491258
Two-sided p-value,3.7725957042898986e-96,0.0,0.0
