name,simplicity,informativity,optimality
natural_means,0.41333333333333333,0.6025889712781897,0.7411946627091037
dlsav_means,0.3954471544715447,0.6066986032762142,0.7451915803771682
deontic_priority_means,0.3414893617021277,0.5849423279696184,0.7046684894475763
epistemic_priority_means,0.34928961748633874,0.58785837929645,0.7109108514434866
circ_priority_means,0.3376687116564417,0.5450169828814377,0.6762689685067335
dp_restricted_means,0.40425531914893614,0.5487633887637522,0.7040545833095757
population_means,0.3384722222222222,0.5592252064992963,0.6849870203052776
