name,simplicity,informativity,optimality
natural_means,0.41333333333333333,0.6595947007512815,0.7838994777921013
dlsav_means,0.39744,0.6063958531459321,0.7356199743227878
deontic_priority_means,0.33978723404255323,0.5803434051523094,0.6935555533419894
epistemic_priority_means,0.34754098360655733,0.5433806353913371,0.6676715383156999
circ_priority_means,0.33570552147239263,0.5507291122856431,0.6692249931599055
dp_restricted_means,0.39659574468085107,0.612646768021074,0.7413652243287631
population_means,0.3373611111111111,0.5551053051127524,0.6727970785933147
