stat,simplicity,informativity,optimality
t-statistic,3.890886178207521,5.8474210885378275,7.037335608641408
Two-sided p-value,0.00016204093866728421,4.1486845237707236e-08,1.1754890600660972e-10
