stat,simplicity,informativity,optimality
t-statistic,1.072611010485857,1.6373037549343783,1.8640388114734705
Two-sided p-value,0.3324631411010312,0.16249338166980185,0.1213393583297861
