stat,simplicity,informativity,optimality
t-statistic,0.17604699799697257,3.6600091446281673,2.5822597089857915
Two-sided p-value,0.860447519472082,0.00032800812283702226,0.010580263223507181
