stat,simplicity,informativity,optimality
t-statistic,3.5147960041239603,5.282153292105364,7.30381962239235
Two-sided p-value,0.000618375729985346,5.657681415749613e-07,3.1544745161275935e-11
