stat,simplicity,informativity,optimality
t-statistic,0.21466105996743978,3.585399227942929,2.544964193113066
Two-sided p-value,0.8302654941409774,0.00042945324702584574,0.011736480396251697
