stat,simplicity,informativity,optimality
t-statistic,3.8015964521930434,6.5370941108680665,7.535247754798616
Two-sided p-value,0.0002243087873979519,1.4696055614119379e-09,8.8598668198258e-12
