stat,simplicity,informativity,optimality
t-statistic,0.13653790101460134,3.647367449775145,2.2450728762162826
Two-sided p-value,0.8915437357813547,0.0003438915532422449,0.025941004819686933
