stat,simplicity,informativity,optimality
t-statistic,1.0885310254837914,5.228072285084974,4.870416840523834
Two-sided p-value,0.32602346668129334,0.003387140503607265,0.004591200880256462
