stat,simplicity,informativity,optimality
t-statistic,1.1036397853620572,1.0966307055886526,1.6357158528064515
Two-sided p-value,0.3200112451834113,0.3227883874049697,0.16282629060444836
