bootstrap_sample_percent,low,high
1,-0.0509000553016571,0.8220309840113239
3,0.18697595138287476,0.7061839393842169
10,0.3425432335407933,0.6021068991108539
31,0.40341598406089413,0.5583555178723514
100,0.4338434409301059,0.5200453676431548
