bootstrap_sample_percent,low,high
1,-0.5775119059863809,0.9048603606959015
3,-0.1824143852917604,0.7654979964514023
10,0.09390392235812117,0.6427531654972624
31,0.26025202207146997,0.5774910075091519
100,0.31450299336460974,0.4952608562045928
