bootstrap_sample_percent,low,high
1,0.05971457428758821,0.8422114543258084
3,0.23823480779501416,0.7115532434410081
10,0.32126250048764726,0.5721936598860746
31,0.38538535224753956,0.5408138444399442
100,0.4287943591027536,0.5102031906987596
