bootstrap_sample_percent,low,high
1,0.15925504762980724,0.8316321124839423
3,0.3563068310233144,0.7193039140986333
10,0.4461624398859811,0.649108536672498
31,0.4762682795237125,0.5949580037781299
100,0.4939598034570387,0.5523772043527981
