bootstrap_sample_percent,low,high
1,0.10022207438150225,0.7647643566014486
3,0.3187917898012466,0.6899757084209113
10,0.37906253209020646,0.599178613768064
31,0.43345808651526974,0.5659381641238087
100,0.4660768834553753,0.5333183089336833
