bootstrap_sample_percent,low,high
1,-0.5150526557482125,0.8423022675643421
3,-0.06256614040865731,0.5766645257502206
10,0.06769622348077967,0.42402482967047717
31,0.14487263507858192,0.3587047339100462
100,0.20722273063887947,0.32449936453861594
