bootstrap_sample_percent,low,high
1,-0.11709336086534958,0.6779132692646731
3,0.15266512227573198,0.5583677663222563
10,0.23553532953901857,0.4849555709522503
31,0.283432721401801,0.4156271310518324
100,0.31598917114203356,0.3846855286466576
