bootstrap_sample_percent,low,high
1,-0.003260301927508055,0.7458224197434704
3,0.11478570882962183,0.5727192402528372
10,0.24493199583280967,0.48625994800986905
31,0.3190429654949836,0.43660836605870224
100,0.34917571759275257,0.41864227485681754
