bootstrap_sample_percent,low,high
1,-0.007049060702663007,0.7260130321977107
3,0.30001759579492815,0.5992786822356597
10,0.33591053849056657,0.49943250825897756
31,0.37948013162397276,0.4714272071113431
100,0.40491472475930523,0.46183685903212124
