stat,complexity,comm_cost,optimality
t-statistic,20.823682864500693,-82.64014021838273,-4.204544007022456
Two-sided p-value,3.772595704289145e-96,0.0,2.6178094510670742e-05
