stat,complexity,comm_cost,optimality
t-statistic,20.823682864500686,-96.95632672751039,-6.240456874974408
Two-sided p-value,3.7725957042898986e-96,0.0,4.3761204421091546e-10
