name,simplicity,informativity,optimality
natural_means,0.41333333333333333,0.6087962962962964,0.7437654898588666
dlsav_means,0.39741935483870966,0.6129032258064518,0.7411920520804793
deontic_priority_means,0.34800000000000003,0.5700657894736842,0.6861740361870907
epistemic_priority_means,0.3558918918918919,0.5720720720720721,0.6917291925225336
circ_priority_means,0.3452121212121212,0.5715488215488217,0.6855499325491151
dp_restricted_means,0.40833333333333327,0.5701678240740741,0.7149611774005223
population_means,0.3427586206896551,0.5648706896551725,0.6806042475676234
