name,simplicity,informativity,optimality
natural_means,0.41333333333333333,0.6087962962962964,0.7487187875840463
dlsav_means,0.40064516129032257,0.610140382317802,0.7427272758170068
deontic_priority_means,0.34382978723404256,0.5678437746256896,0.6858658712722486
epistemic_priority_means,0.35169398907103827,0.5698112730216556,0.69113502015942
circ_priority_means,0.34036809815950925,0.5690042035900932,0.6850203838304273
dp_restricted_means,0.4232,0.5770370370370371,0.726808954834349
population_means,0.34,0.5633841306584364,0.6808722918733796
