name,simplicity,informativity,optimality
natural_means,0.38666666666666666,0.601851851851852,0.7212588859896559
dlsav_means,0.38178861788617885,0.6074412827461608,0.7256022023265354
deontic_priority_means,0.3105590062111801,0.5777691511387164,0.6799954213877121
epistemic_priority_means,0.3166666666666666,0.5798611111111112,0.6847550861061987
circ_priority_means,0.30714285714285716,0.5783730158730159,0.6797360432683255
dp_restricted_means,0.379,0.5708333333333334,0.6971349019320279
population_means,0.30406504065040657,0.5734247967479676,0.6739360645531053
