stat,simplicity,informativity,optimality
t-statistic,3.465522953996617,7.631156243022871,7.433735670954648
Two-sided p-value,0.0007293312398903271,5.532514892220519e-12,1.5570032113422547e-11
