stat,simplicity,informativity,optimality
t-statistic,0.44733100617945604,0.6759923368182548,0.7910214428360207
Two-sided p-value,0.6552410789197336,0.5000214408609395,0.4301024677670934
