stat,simplicity,informativity,optimality
t-statistic,3.7388547124512677,8.549383907796066,8.775024817526505
Two-sided p-value,0.00028190915878029474,4.051553777932035e-14,1.1848542033411573e-14
