stat,simplicity,informativity,optimality
t-statistic,3.66350714623268,7.93791469559623,8.242027537077888
Two-sided p-value,0.00036603664037846947,1.0091493305065666e-12,1.9608658459427034e-13
