stat,simplicity,informativity,optimality
t-statistic,0.2707213403629142,0.7512166932949176,0.6369727300294102
Two-sided p-value,0.7869039380689075,0.4534665839680112,0.5249216205564762
