stat,simplicity,informativity,optimality
t-statistic,0.36398608211898886,0.8351243945794429,0.6505290486813377
Two-sided p-value,0.7162752630383658,0.40470209539214275,0.5161405648134937
