stat,simplicity,informativity,optimality
t-statistic,1.0507209898636956,1.6028764693014252,2.217091817724284
Two-sided p-value,0.3414944720718286,0.16986460107069862,0.07741080770631066
