stat,simplicity,informativity,optimality
t-statistic,1.3031536966532242,0.8825980054849093,1.4381794369705823
Two-sided p-value,0.2493028952472245,0.4178599729094666,0.20990193801410448
