stat,simplicity,informativity,optimality
t-statistic,5.09270865861543,5.112255983089963,7.301600554046872
Two-sided p-value,1.3010487984349477e-06,1.1948993615198626e-06,3.1908877444405997e-11
