stat,simplicity,informativity,optimality
t-statistic,0.2749892773940068,0.9825501420832143,0.828067796733094
Two-sided p-value,0.783623272990977,0.32707838284529245,0.40867101830231434
