stat,simplicity,informativity,optimality
t-statistic,1.0111954353860655,1.5504065991107354,1.818555961999513
Two-sided p-value,0.358326145113157,0.1817369209494039,0.1286480057550998
