stat,simplicity,informativity,optimality
t-statistic,1.0497362466679476,1.4571976499676003,1.8230860138993237
Two-sided p-value,0.3419055943299337,0.20485013243685302,0.12790030140471725
