,complexity,comm_cost,optimality,N
Deontic Priority true,41.30875146530354,0.682391518229027,0.8194509153552838,104074
Deontic Priority false,35.788480711711024,0.7652650809685564,0.8124203488608605,13039
population,40.69414155559161,0.6916184049500633,0.8186681537786802,117113
