stat,complexity,comm_cost,optimality
t-statistic,10.07871003874629,-31.67694715093774,2.5072870406414594
Two-sided p-value,7.037624941521924e-24,3.5869163310288227e-219,0.012167697573360132
