stat,complexity,comm_cost,optimality
t-statistic,20.823682864500686,-71.87261136139736,3.843559945625609
Two-sided p-value,3.7725957042898986e-96,0.0,0.00012131907961933328
