name,simplicity,informativity,optimality
natural_means,0.795,0.6755555555555557,0.9719335300569816
dlsav_means,0.688883572567783,0.9138228320951117,0.8532902447757997
population_means,0.531448946051686,0.7313264738814625,0.7525104278243416
