name,simplicity,informativity,optimality
natural_means,0.795,0.5694594836232364,0.9178702689125154
dlsav_means,0.61901280372472,0.5119779650725423,0.8034053822389874
population_means,0.4586811644483693,0.42071430667117976,0.6684287833963747
