name,simplicity,informativity,optimality
natural_means,0.7783783783783782,0.5869841262667923,0.8787451137282293
population_means,0.7516640029440343,0.4283479539807482,-0.4923011098458971
