name,simplicity,complexity,informativity,optimality
natural_means,0.7722222222222223,16.4,0.5869841262667924,0.9488650295372116
dlsav_means,0.75,18.0,0.5119047614834467,0.9173777098861804
population_means,0.7421951491347616,18.561949262297162,0.355759582101244,0.8698686617293621
