name,simplicity,informativity,optimality
natural_means,0.7842105263157895,0.5635555555555556,0.9410350093963222
dlsav_means,0.6353118587921189,0.5444368886782007,0.8433684187178131
population_means,0.5897033466913878,0.476642189034067,0.794522384579692
