name,simplicity,complexity,informativity,optimality
natural_means,0.7722222222222223,16.4,0.6755555555555557,0.9649063600383553
dlsav_means,0.75,18.0,0.7333333333333334,0.9688176158734181
population_means,0.6609688667976727,24.410241590567566,0.515621954357501,0.8550623690694688
