simplicity,complexity,informativity,optimality
1.3512182889357292,-1.3512182889357272,2.8151821370596606,3.0685374226194106
0.24799380679114466,0.24799380679114522,0.04806290747783655,0.03734616965822014
