simplicity,informativity,optimality
68.29946337655431,25.58614388928738,38.19262825413049
0.0,2.7304038867563284e-131,2.1502303750020858e-262
