simplicity,complexity,informativity,optimality
3.2051207952837797,-3.205120795283783,3.2656706846374863,49.58679630077607
0.19253288265404717,0.19253288265404694,0.18917129385062706,0.012836753687130702
