simplicity,informativity,optimality
14.591569874524527,-3.504958692208729,28.7561223622453
0.0006980232179517055,0.03934029305971852,9.234051404969357e-05
