simplicity,informativity,optimality
13.177552697415706,-0.8396011620831219,52.612809846942476
0.00019156675252443068,0.4483831532032119,7.8116007848246e-07
