simplicity,complexity,informativity,optimality
0.2809746311485827,-0.280974631148581,1.008938083870098,0.7288338276127678
0.8256220461593635,0.8256220461593645,0.4971675964434555,0.5990463170288732
