simplicity,informativity,optimality
9.23909103215909,0.8696792648350384,5.595579856803423
0.0007628777686193465,0.4335505922219587,0.005006436309631254
