simplicity,informativity,optimality
21.152054912551495,16.94906944000388,39.984537143005866
1.6492529539361398e-94,2.0892049489638094e-62,4.1173369223048e-297
