simplicity,informativity,optimality
114.11477235257834,29.22016481578642,129.8205429365065
0.0,5.031016880512265e-177,0.0
