simplicity,informativity,optimality
47.75400430357534,18.064329885189743,17.530630331569643
1.1126e-320,4.345070165444786e-67,1.408503683499373e-63
