simplicity,complexity,informativity,optimality
5.006400994104725,-5.006400994104729,2.4077142972137318,16.268187568318833
0.007456606657609093,0.0074566066576090715,0.07373713481720144,8.354742826011611e-05
