simplicity,informativity,optimality
1.2355398638384032,1.9314113911343593,23.505513680717982
