simplicity,informativity,optimality
16.815941777581543,2.1639794814533615,13.263257988890683
7.329872095122598e-05,0.09645810908777631,0.00018675338938531214
