stat,complexity,comm_cost,optimality
t-statistic,10.07871003874629,-22.051252345346835,-2.982166272814887
Two-sided p-value,7.037624941521924e-24,1.6406311235241645e-107,0.002862827710421926
