bootstrap_sample_percent,low,high
1,0.5145815349138885,0.6790118693483171
3,0.5548034373871378,0.6416416537583328
10,0.5773131494150046,0.6256124709887767
31,0.5909940199896615,0.6156321481674691
100,0.5975314454641989,0.6125867368945563
