bootstrap_sample_percent,low,high
1,-1.0,
3,-0.5967972172038155,
10,-0.04129180014236418,0.5804351279368711
31,0.11227725620881548,0.4137893102470601
100,0.2006100591571308,0.3433919778319843
