bootstrap_sample_percent,low,high
1,0.5109071061281689,0.6838280945687023
3,0.5639708233143177,0.6435897446017966
10,0.5797735897282639,0.6283756623888483
31,0.5928359836039307,0.6169904970460742
100,0.5955181497911637,0.6105361353272192
