bootstrap_sample_percent,low,high
1,-1.0,
3,-0.5598045084652631,
10,-0.012874054820125838,0.5796435623464442
31,0.21515010833673529,0.5155880111332792
100,0.26557970895233307,0.4183045184445536
