bootstrap_sample_percent,low,high
1,0.54074445572386,0.6549194237576006
3,0.5664111752375142,0.6359004657030232
10,0.5790891031905567,0.6222932648246314
31,0.5929889935601015,0.6172654871322577
100,0.5969681883183942,0.6087046369820166
