bootstrap_sample_percent,low,high
1,0.5255732219967069,0.6648207659926848
3,0.5689608812109541,0.6431259907998135
10,0.5809630908088801,0.628562683261717
31,0.5921180080175075,0.613677321266
100,0.5970242359457836,0.6104319049625468
