bootstrap_sample_percent,low,high
1,-1.0,
3,-0.609469318874545,0.8541987925880665
10,-0.3842575139970124,0.3889803175882909
31,-0.17774068611105714,0.24123997593319702
100,-0.07920327306687303,0.13766928382132157
