,complexity,comm_cost,optimality,N
Deontic Priority true,41.30875146530354,0.842641440167212,0.8878640687195161,104074
Deontic Priority false,35.788480711711024,0.9176635642237664,0.8542586236522547,13039
population,40.69414155559161,0.8509941719354479,0.8841225421747941,117113
