stat,complexity,comm_cost,optimality
t-statistic,20.823682864500686,-106.4096193723947,58.6233078928059
Two-sided p-value,3.7725957042898986e-96,0.0,0.0
