stat,complexity,comm_cost,optimality
t-statistic,10.078710038746292,-51.823652061554995,25.881362422670488
Two-sided p-value,7.037624941521773e-24,0.0,3.168251261586648e-147
