simplicity,informativity,optimality
78.66442612577568,20.584629515340072,124.31446385560228
0.0,1.6230414821684905e-75,0.0
