simplicity,informativity,optimality
-8.301535734681298,3.485826246465185,-7.563943856163325
1.0656848405420676e-16,0.0004912444401874204,4.0098172386237875e-14
