,complexity,comm_cost,optimality,N
Deontic Priority true,41.30875146530354,0.8278034844321948,0.8735583675215338,104074
Deontic Priority false,35.788480711711024,0.9035525935519877,0.8443189335697852,13039
population,40.69414155559161,0.8362371564738382,0.8703029391805568,117113
