stat,complexity,comm_cost,optimality
t-statistic,20.823682864500686,-102.42493303608178,43.23010988812669
Two-sided p-value,3.7725957042898986e-96,0.0,0.0
