stat,complexity,comm_cost,optimality
t-statistic,10.07871003874629,-49.22456019967419,18.387782884208928
Two-sided p-value,7.037624941521924e-24,0.0,2.1680462498943255e-75
