name,simplicity,complexity,informativity,optimality
natural_means,0.7722222222222223,16.4,0.5925925925925926,0.940545149180462
dlsav_means,0.75,18.0,0.5833333333333333,0.9209430468019831
population_means,0.6759889753566797,23.328793774319067,0.3417579797946205,0.8193093611422921
