name,simplicity,complexity,informativity,optimality
natural_means,0.7722222222222223,16.4,0.5925925925925926,0.9539192440684812
dlsav_means,0.75,18.0,0.5833333333333334,0.9427179166568056
population_means,0.6809397626629909,22.972337088264652,0.3398225077589591,0.8305853372160038
