name,simplicity,complexity,informativity,optimality
natural_means,0.7722222222222223,16.4,0.5925925925925926,0.9443038232443021
dlsav_means,0.75,18.0,0.5833333333333334,0.9303397319615836
population_means,0.6823993878871062,22.867244072128354,0.34035742300822286,0.8269862345024015
