name,simplicity,complexity,informativity,optimality
natural_means,0.7722222222222223,16.4,0.5925925925925926,0.9550650446113205
dlsav_means,0.75,18.0,0.5833333333333334,0.9425885524186197
population_means,0.6679405663780663,23.90827922077922,0.38893364626995575,0.8364404529240559
