name,simplicity,informativity,optimality
natural_means,0.8062499999999999,0.5324074074074073,0.9473221322215879
dlsav_means,0.6355131860299359,0.7123009116267609,0.8889051876788479
population_means,0.3951885039161025,0.38842765116848593,0.6455979356023004
