name,simplicity,complexity,informativity,optimality
natural_means,0.7722222222222224,16.4,0.5925925925925926,0.953734707342395
dlsav_means,0.75,18.0,0.5833333333333334,0.936946101833261
population_means,0.6602138143025043,24.46460537021969,0.3983259195399824,0.8316780553504071
