name,simplicity,complexity,informativity,optimality
natural_means,0.77222,16.4,0.5926,0.9536200000000001
population_means,0.635764598786244,26.22494942683749,0.33628923803101823,0.7991584356035064
