name,simplicity,complexity,informativity,optimality
natural_means,0.7722222222222223,16.4,0.5925925925925926,0.9552529587730711
dlsav_means,0.75,18.0,0.5833333333333334,0.939632236780396
population_means,0.8019662245325961,14.258431833653072,0.26839282426303074,0.895414803244339
