name,simplicity,complexity,informativity,optimality
natural_means,0.7722222222222223,16.4,0.5925925925925926,0.940545149180462
dlsav_means,0.75,18.0,0.5833333333333334,0.9209430468019832
population_means,0.6814848943074063,22.933087609866742,0.33991579070801264,0.8228418052737488
