name,simplicity,informativity,optimality
natural_means,0.7783783783783784,0.5925925925925926,0.9531148165998958
dlsav_means,0.7783783783783784,0.5925925925925926,0.9531148165998958
population_means,0.6227790944605103,0.3621225385379761,0.7931224481024668
