name,simplicity,informativity,optimality
natural_means,0.7783783783783783,0.5925925925925924,0.8914683520016323
population_means,0.7202935051638619,0.473571980579296,-0.8004756707279518
