name,simplicity,informativity,optimality
natural_means,0.7949999999999999,0.5925925925925926,0.9585242131701948
dlsav_means,0.6478232189973615,0.6856079391836867,0.8908046033595517
population_means,0.5125375903380706,0.400936410490769,0.7287045654002671
