name,simplicity,complexity,informativity,optimality
natural_means,0.7722222222222221,16.4,0.5925925925925926,0.9490871199338511
population_means,0.6460855373069112,25.481841313902382,0.33877712078782896,0.8038455923784222
