name,simplicity,complexity,informativity,optimality
natural_means,0.7783783783783784,16.4,0.5925925925925926,0.953114816599896
dlsav_means,0.7783783783783784,16.4,0.5925925925925926,0.953114816599896
population_means,0.5436285139007202,33.7714899713467,0.35890527542632517,0.7401148540471092
