name,simplicity,complexity,informativity,optimality
natural_means,0.7722222222222223,16.4,0.5925925925925926,0.95947862078275
dlsav_means,0.75,18.0,0.5833333333333333,0.949107355092416
population_means,0.7469520661060397,18.21945124036514,0.29502144652917633,0.8620752369842551
