name,simplicity,complexity,informativity,optimality
natural_means,0.7722222222222223,16.4,0.5925925925925926,0.940545149180462
dlsav_means,0.75,18.0,0.5833333333333333,0.9209430468019831
population_means,0.682033599420591,22.893580841717444,0.3403504816161871,0.8232000145180822
