name,simplicity,complexity,informativity,optimality
natural_means,0.7783599999999999,16.4,0.5926,0.9563200000000001
population_means,0.6451947482697787,26.255529922648936,0.3249423395304655,0.7988666169086713
