name,simplicity,complexity,informativity,optimality
natural_means,0.7722222222222224,16.4,0.5925925925925926,0.9565965892906476
dlsav_means,0.75,18.0,0.5833333333333334,0.9413198629037881
population_means,0.8030785455261431,14.178344722117707,0.2680285581525199,0.8963773475921023
