name,simplicity,informativity,optimality
natural_means,0.795,0.5925925925925926,0.957089380921951
dlsav_means,0.6502079002079002,0.6826843937955048,0.8899798549072533
population_means,0.4263236883758638,0.37869240972850743,0.663122572655705
