name,simplicity,complexity,informativity,optimality
natural_means,0.7783783783783782,16.4,0.5925925925925926,0.9548393539086517
dlsav_means,0.7783783783783782,16.4,0.5925925925925926,0.9548393539086517
population_means,0.5422655465148383,33.87234955790196,0.3709840895881185,0.7422510555175733
