name,simplicity,informativity,optimality
natural_means,0.7949999999999999,0.5672796713524616,0.9253236824456638
dlsav_means,0.6477346899596852,0.6703361104162866,0.8661732478664182
population_means,0.5423607908692644,0.42669372830464997,0.7352706048938342
