name,simplicity,complexity,informativity,optimality
natural_means,0.77222,16.4,0.5926,0.9523999999999999
population_means,0.6345467258303079,26.312626058894715,0.336695952669087,0.7992941643135673
