name,simplicity,informativity,optimality
natural_means,0.8062499999999999,0.5324074074074073,0.9473221322215879
dlsav_means,0.6491117318435753,0.68249855162425,0.8890669261278864
population_means,0.4397480624132104,0.3811316257743323,0.6724278322070809
