name,simplicity,complexity,informativity,optimality
natural_means,0.7722222222222223,16.4,0.5925925925925926,0.951400340493105
population_means,0.744181740479036,18.418914685509417,0.31432893589794664,0.8636950822324544
