name,simplicity,complexity,informativity,optimality
natural_means,0.7722222222222221,16.4,0.5925925925925926,0.95947862078275
population_means,0.7469520661060397,18.21945124036514,0.29502144652917633,0.8620752369842551
