,name,naturalness,simplicity,informativity,optimality,Language,comm_cost,complexity,counts
7,sampled_lang_62,0.0,,0.16666666666666669,0.9999999999999999,artificial,0.8333333333333333,1,5
0,sampled_lang_62,0.5,,0.22222222222222224,0.9999648565528643,artificial,0.7777777777777778,3,4
6,sampled_lang_269,0.5,,0.33333333333333337,0.9999760998720105,artificial,0.6666666666666666,4,3
4,sampled_lang_407,1.0,,0.49999999999999994,0.9999282996160311,artificial,0.5,6,2
3,sampled_lang_62,1.0,,0.5416666666666666,0.9999456624457791,artificial,0.45833333333333337,10,1
1,sampled_lang_62,1.0,,0.6666666666666666,0.9999516999518037,artificial,0.33333333333333337,12,1
2,sampled_lang_62,1.0,,0.8333333333333333,0.9999736424146483,artificial,0.16666666666666674,18,1
15,sampled_lang_62,1.0,,0.875,0.9999705313237153,artificial,0.125,22,1
10,sampled_lang_62,1.0,,0.9999999999999999,0.9999999999999999,artificial,1.1102230246251565e-16,24,1
