simplicity,informativity,optimality
104.71698565046488,98.553577661676,306.26075044663
0.0,0.0,0.0
