simplicity,informativity,optimality
58.337891129773645,78.18010416334815,164.52079447346844
0.0,0.0,0.0
