simplicity,informativity,optimality
68.36275070550495,94.2101699057423,224.5358266783675
0.0,0.0,0.0
