simplicity,informativity,optimality
19.255437312701225,2.657020477656567,18.987862889412252
0.00030592137064306676,0.07653315364961641,0.0003189502533161458
