simplicity,complexity,informativity,optimality
10.857181232091694,-10.85718123209169,3.1847773531348342,12.994942527741845
0.0004084246021621114,0.0004084246021621118,0.03338236841367905,0.0002023485817079316
