simplicity,informativity,optimality
2.686425386171383,1.6220570046020046,37.958588824127716
