simplicity,complexity,informativity,optimality
4.330496108949414,-4.330496108949418,3.418467052077742,6.716928093255154
0.01234488922794047,0.012344889227940433,0.026817900067172978,0.002557839979944952
