simplicity,complexity,informativity,optimality
-1.3885345486764327,1.3885345486764322,4.423278931271099,3.279621531623789
0.23729518992622134,0.23729518992622145,0.011481657383086154,0.030511600744519966
