simplicity,complexity,informativity,optimality
4.0831797561667145,-4.083179756166715,3.4435730875886312,6.521217126977066
0.015059088110501655,0.015059088110501643,0.026207949404368214,0.002855262472349567
