simplicity,complexity,informativity,optimality
4.042027545080221,-4.042027545080222,3.4375543589508184,5.974350030062267
0.01557789165550547,0.015577891655505452,0.02635266047903668,0.0039439608889895615
