simplicity,informativity,optimality
17.168124846082886,2.791662245250615,17.299425555659106
0.00043054939642092523,0.06832437190762583,0.0004208971499216882
