simplicity,complexity,informativity,optimality
-1.8707840831734601,1.8707840831734641,3.77928610884363,1.0043779909148143
0.31251193008299394,0.3125119300829934,0.16467581274514362,0.49860948825021345
