simplicity,informativity,optimality
14.123120483096471,2.6119614694874063,16.149738184656123
0.0001458984849773834,0.05929766420582227,8.599418332832559e-05
