simplicity,complexity,informativity,optimality
4.058488026073402,-4.0584880260734035,3.437648958813673,6.501370959640988
0.015367833406460628,0.01536783340646061,0.026350378644005266,0.0028877463938374636
