simplicity,complexity,informativity,optimality
2.6643968871595303,-2.6643968871595334,2.8989042424645532,2.314036826842953
0.2285787844965486,0.22857878449654834,0.21146977955334192,0.25968174418349416
