simplicity,complexity,informativity,optimality
6.139378981203357,-6.140593391773433,3.4932871098131186,9.197442425025603
0.003568563646122023,0.003565967964086576,0.025048063764097114,0.0007762632554208021
