simplicity,complexity,informativity,optimality
-1.3384801039668242,1.3384801039668293,4.418314577735199,3.184677256693715
0.2517533880731397,0.25175338807313813,0.011525956943801114,0.0333855622696747
