simplicity,complexity,informativity,optimality
3.2323026851098455,-3.232302685109845,2.2200889655202105,2.6661233979012113
0.19100958894718567,0.19100958894718573,0.2694260513378261,0.22844314979311664
