simplicity,complexity,informativity,optimality
5.040378356387312,-5.040378356387307,2.6475382075040153,6.8102383598805805
0.007280132211215162,0.00728013221121519,0.057128482457826375,0.0024295094187068845
