simplicity,informativity,optimality
66.27130820672048,98.03634141191931,226.18529764855728
0.0,0.0,0.0
