simplicity,complexity,informativity,optimality
4.107710680165407,-4.107710680165408,3.4448443821851114,7.662080875291319
0.014759719365162537,0.01475971936516252,0.026177503888154766,0.0015595121889809766
