simplicity,complexity,informativity,optimality
6.19417332104585,-6.195391286809198,3.4877439520010025,9.053100450597944
0.0034537203988523053,0.0034512196869425148,0.0251743263731509,0.0008249663902063618
