simplicity,complexity,informativity,optimality
2.466543804933371,-2.466543804933371,2.9210105115038476,2.2336087113426797
0.24520992505552572,0.24520992505552572,0.20998333425551657,0.2679816484013066
