simplicity,informativity,optimality
14.039332011050506,2.6532845231448303,16.114446403196343
0.0001493541095278912,0.05678674968080297,8.67404135756305e-05
