simplicity,complexity,informativity,optimality
2.4467904208587212,-2.446790420858722,2.9157942206057545,2.2254528585098057
0.24699743819167586,0.24699743819167577,0.21033226466562713,0.26885124407783656
