simplicity,informativity,optimality
12.63196045653678,2.706287973861287,25.992191993230655
0.00022611943356733256,0.05374328309032912,1.3016858379195382e-05
