simplicity,informativity,optimality
7.1964668812014025,3.1409312992654583,9.760995300579609
0.0019757799354534764,0.03481649841408375,0.000617137129261202
