simplicity,informativity,optimality
110.24781954269255,97.6789234307842,311.6697893816175
0.0,0.0,0.0
