simplicity,complexity,informativity,optimality
-1.910827638941151,1.9108276389411465,3.7836573021697597,1.0615405777956621
0.3069396275550909,0.3069396275550916,0.164493925510049,0.4810014327319346
