simplicity,complexity,informativity,optimality
1.1371570252282142,-1.1371570252282126,4.055409846033122,4.9012504672284605
0.3189706941938633,0.31897069419386387,0.01540685484013466,0.008036768125247968
