simplicity,complexity,informativity,optimality
2.486168544132325,-2.486168544132326,2.92212990689249,2.7390151501358124
0.2434582370682877,0.24345823706828762,0.2099086004879745,0.222854128924285
