simplicity,informativity,optimality
18.433815581206815,2.9151109545763245,19.037382037356135
5.095860596149483e-05,0.043455355215047224,4.485135306793058e-05
