simplicity,complexity,informativity,optimality
5.6761508211889895,-5.67615082118899,3.4590913032045725,9.200611556020826
0.0047535698115964645,0.00475356981159646,0.025839169039541636,0.0007752345372088093
