simplicity,complexity,informativity,optimality
6.158642080195201,-6.1597062016555855,3.647935217305131,8.757695692149744
0.003527662763798038,0.0035254201741859222,0.021811190778250545,0.0009370322580302109
