simplicity,complexity,informativity,optimality
2.9541396103896114,-2.9541396103896105,2.3327962447605306,2.584667429720324
0.20779303447353234,0.20779303447353237,0.2578151838764757,0.23501447917285145
