simplicity,complexity,informativity,optimality
4.692674512987015,-4.692674512987014,2.7755395880134768,7.0857440342360345
0.009359138664916021,0.00935913866491603,0.050046352619127835,0.002094286818168269
