simplicity,complexity,informativity,optimality
2.4336220360641763,-2.433622036064177,2.915710923901325,1.938464512113893
0.2482028689294642,0.24820286892946414,0.21033784564736904,0.3031994681567923
