simplicity,complexity,informativity,optimality
1.2618216784433827,-1.2618216784433867,3.792280226363599,5.310125803139286
0.2755774834893794,0.2755774834893782,0.019231054510708664,0.006045687486979747
