simplicity,complexity,informativity,optimality
10.920218473688722,-10.920218473688728,3.020162797832143,12.182076666198421
0.000399327146099069,0.0003993271460990683,0.03915697485403895,0.0002606176734813744
