simplicity,informativity,optimality
114.09414560047894,102.52238378954992,331.0294399224378
0.0,0.0,0.0
