,complexity,comm_cost,optimality,N
Deontic Priority true,41.30875146530354,0.8353573528063855,0.8804429721756818,104074
Deontic Priority false,35.788480711711024,0.9107363604394387,0.8490169149439926,13039
population,40.69414155559161,0.8437498188906577,0.8769440919468091,117113
