stat,complexity,comm_cost,optimality
t-statistic,20.82368286450069,-104.45311696327781,50.345847073797444
Two-sided p-value,3.772595704289575e-96,0.0,0.0
