stat,complexity,comm_cost,optimality
t-statistic,10.078710038746292,-50.53286758285918,21.781515909057173
Two-sided p-value,7.037624941521773e-24,0.0,5.969116299143734e-105
