,complexity,comm_cost,optimality,N
Deontic Priority true,41.30875146530354,0.7945664635857564,0.8510774658710692,104074
Deontic Priority false,35.788480711711024,0.8719440192472034,0.8300963322610905,13039
population,40.69414155559161,0.8031814418398324,0.8487414912043757,117113
