stat,complexity,comm_cost,optimality
t-statistic,20.823682864500693,-93.81058501512082,23.806075854421092
Two-sided p-value,3.772595704289145e-96,0.0,5.307771120577153e-125
