stat,complexity,comm_cost,optimality
t-statistic,10.078710038746289,-43.932543958041556,9.864921465193964
Two-sided p-value,7.037624941522024e-24,0.0,6.04674001259702e-23
