stat,complexity,comm_cost,optimality
t-statistic,20.823682864500686,-106.8862709651559,-8.123435832379455
Two-sided p-value,3.7725957042898986e-96,0.0,4.570299884144887e-16
