bootstrap_sample_percent,low,high
1,0.5177373609799812,0.6713708863077925
3,0.564660266698635,0.6471122605084064
10,0.5783499369420846,0.6276140852626941
31,0.591638513404799,0.6143495245187851
100,0.5969886051325646,0.6118974164030876
