bootstrap_sample_percent,low,high
1,0.5352736587665015,0.6862997374077671
3,0.5667923023123139,0.650046268551713
10,0.584477700283476,0.6233312529065453
31,0.5921733900745907,0.6171432632090201
100,0.5949635816809271,0.6113077981267822
