bootstrap_sample_percent,low,high
1,0.32739447937230315,0.4918006120929783
3,0.36381997313084247,0.45459189611979256
10,0.38527597814864956,0.4384663376268575
31,0.39837923002558395,0.42883726730016536
100,0.4040586000961829,0.4186747706218476
