,complexity,comm_cost,optimality,N
Deontic Priority true,41.30875146530354,0.8070303464031708,0.8581530491902521,104074
Deontic Priority false,35.788480711711024,0.8837972346114976,0.8343261037210078,13039
population,40.69414155559161,0.8155773348275845,0.855500230613549,117113
