stat,complexity,comm_cost,optimality
t-statistic,20.823682864500686,-96.95632672750939,29.40648624605692
Two-sided p-value,3.7725957042898986e-96,0.0,1.8622232587499784e-189
