stat,complexity,comm_cost,optimality
t-statistic,10.07871003874629,-45.8217132816402,12.215284867448846
Two-sided p-value,7.037624941521924e-24,0.0,2.7193002535424726e-34
