name,complexity,comm_cost,optimality
uegaki_true,33.12788571428572,0.7212079032356792,0.8134737644384762
uegaki_false,42.02338048246715,0.6103305625174175,0.81599599034009
population_means,40.69414155559161,0.6268987783650992,0.8156190983359721
