stat,complexity,comm_cost,optimality
t-statistic,-62.84314860703812,126.11363541453052,-3.184454659959387
Two-sided p-value,0.0,0.0,0.001452811245864438
