stat,complexity,comm_cost,optimality
t-statistic,10.07871003874629,-5.774398158206935,-5.353255377872229
Two-sided p-value,7.037624941521924e-24,7.744736449161309e-09,8.656810294102454e-08
